<? xml version = "1.0" encoding = "windows-1251"?>
<string_table>
	<string id = "totaliz_pre_0">
		<text> E agora? </text>
	</string>
	<string id = "totaliz_pre_1">
		<text> Vejo que voce ganhou uma reputacao na arena, o que significa que agora voce pode fazer apostas e assistir a lutas! A par de todos os grandes agiotas, considere isso como meu presente para voce por ser um grande lutador. As apostas nao serao muito boas para voce, comecando de um mil a cinco, e seu premio dependera do numero de participantes, vencedores e perdedores. Para resumir, voce pode ganhar de quarenta por cento da sua aposta ate tres vezes mais do que pagou. </text>
	</string>

	<string id = "totaliz_begin_0">
		<text> Quero assistir a uma batalha. </text>
	</string>
	<string id = "totaliz_begin_1">
		<text> Escolha o que voce quer ver. </text>
	</string>
	<string id = "totaliz_begin_2">
		<text> Perseguidor versus perseguidor. </text>
	</string>
	<string id = "totaliz_begin_6">
		<text> Veja o que tenho. </text>
	</string>

		<string id = "totaliz_begin_9">
			<text> Dois perseguidores. </text>
		</string>
		<string id = "totaliz_begin_21">
			<text> Em quem voce esta apostando? </text>
		</string>
		<string id = "totaliz_begin_32">
			<text> Perseguidor a esquerda. </text>
		</string>
		<string id = "totaliz_begin_33">
			<text> Perseguidor a direita. </text>
		</string>

	<string id = "totaliz_begin_10">
		<text> Grupo perseguidor versus um grupo de bandidos. </text>
	</string>

		<string id = "totaliz_begin_22">
			<text> Em quem voce esta apostando? </text>
		</string>
		<string id = "totaliz_begin_34">
			<text> O grupo perseguidor. </text>
		</string>
		<string id = "totaliz_begin_35">
			<text> O grupo de bandidos. </text>
		</string>

	<string id = "totaliz_begin_11">
		<text> Dutyer versus um Freedomer cativo. </text>
	</string>

		<string id = "totaliz_begin_23">
			<text> Em quem voce esta apostando? </text>
		</string>
		<string id = "totaliz_begin_36">
			<text> O Dutyer. </text>
		</string>
		<string id = "totaliz_begin_37">
			<text> O Freedomer. </text>
		</string>

	<string id = "totaliz_begin_12">
		<text> Soldado versus perseguidor. </text>
	</string>

		<string id = "totaliz_begin_24">
			<text> Em quem voce esta apostando? </text>
		</string>
		<string id = "totaliz_begin_38">
			<text> O soldado. </text>
		</string>
		<string id = "totaliz_begin_39">
			<text> O perseguidor. </text>
		</string>

	<string id = "totaliz_begin_3">
		<text> Um perseguidor versus um mutante. </text>
	</string>

		<string id = "totaliz_begin_7">
			<text> Veja o que tenho. </text>
		</string>
		<string id = "totaliz_begin_13">
			<text> Um perseguidor e um pseudodogue. </text>
		</string>
		<string id = "totaliz_begin_25">
			<text> Em quem voce esta apostando? </text>
		</string>
		<string id = "totaliz_begin_40">
			<text> O perseguidor. </text>
		</string>
		<string id = "totaliz_begin_41">
			<text> O pseudodogue. </text>
		</string>

	<string id = "totaliz_begin_14">
		<text> Membro do Duty versus um grupo de zumbis. </text>
	</string>

		<string id = "totaliz_begin_26">
			<text> Em quem voce esta apostando? </text>
		</string>
		<string id = "totaliz_begin_42">
			<text> O Dutyer. </text>
		</string>
		<string id = "totaliz_begin_43">
			<text> Zumbis. </text>
		</string>

	<string id = "totaliz_begin_15">
		<text> Um par de bandidos versus um sugador de sangue. </text>
	</string>

		<string id = "totaliz_begin_27">
			<text> Em quem voce esta apostando? </text>
		</string>
		<string id = "totaliz_begin_44">
			<text> Os bandidos. </text>
		</string>
		<string id = "totaliz_begin_45">
			<text> O sugador de sangue. </text>
		</string>

	<string id = "totaliz_begin_16">
		<text> Dois soldados versus um burer. </text>
	</string>

		<string id = "totaliz_begin_28">
			<text> Em quem voce esta apostando? </text>
		</string>
		<string id = "totaliz_begin_46">
			<text> Os soldados. </text>
		</string>
		<string id = "totaliz_begin_43">
			<text> O perfurador. </text>
		</string>

	<string id = "totaliz_begin_4">
		<text> Mutante versus mutante. </text>
	</string>

		<string id = "totaliz_begin_8">
			<text> Veja o que tenho. </text>
		</string>
		<string id = "totaliz_begin_17">
			<text> Snork versus snorkel. </text>
		</string>
		<string id = "totaliz_begin_29">
			<text> Em quem voce esta apostando? </text>
		</string>
		<string id = "totaliz_begin_48">
			<text> O mergulho a esquerda. </text>
		</string>
		<string id = "totaliz_begin_49">
			<text> O mergulho a direita. </text>
		</string>

	<string id = "totaliz_begin_18">
		<text> sugador de sangue versus sugador de sangue. </text>
	</string>

		<string id = "totaliz_begin_30">
			<text> Em quem voce esta apostando? </text>
		</string>
		<string id = "totaliz_begin_50">
			<text> O sugador de sangue a esquerda. </text>
		</string>
		<string id = "totaliz_begin_51">
			<text> O sugador de sangue a direita. </text>
		</string>

	<string id = "totaliz_begin_19">
		<text> Quimera versus quimera. </text>
	</string>

		<string id = "totaliz_begin_31">
			<text> Em quem voce esta apostando? </text>
		</string>
		<string id = "totaliz_begin_52">
			<text> A quimera a esquerda. </text>
		</string>
		<string id = "totaliz_begin_53">
			<text> A quimera a direita. </text>
		</string>

	<string id = "totaliz_begin_54">
		<text> Quanto voce esta apostando? </text>
	</string>

		<string id = "totaliz_begin_55">
			<text> Mil. </text>
		</string>
		<string id = "totaliz_begin_56">
			<text> Dois mil e meio. </text>
		</string>
		<string id = "totaliz_begin_57">
			<text> Cinco mil. </text>
		</string>
		<string id = "totaliz_begin_58">
			<text> Eu nao tenho tanto dinheiro. </text>
		</string>

	<string id = "totaliz_begin_20">
		<text> Nao estou interessado. </text>
	</string>
	<string id = "totaliz_begin_5">
		<text> Mudei de ideia. </text>
	</string>

	<string id = "total_reward_dialog_1000_0">
		<text> Voce recebeu o dinheiro? </text>
	</string>
	<string id = "total_reward_dialog_1000_1">
		<text> Mantenha seu premio. </text>
	</string>
	<string id = "total_reward_dialog_1000_2">
		<text> Mantenha seu premio. </text>
	</string>
	<string id = "total_reward_dialog_1000_3">
		<text> Mantenha seu premio. </text>
	</string>
	<string id = "total_reward_dialog_1000_4">
		<text> Mantenha seu premio. </text>
	</string>
	<string id = "total_reward_dialog_1000_5">
		<text> Mantenha seu premio. </text>
	</string>
	<string id = "total_reward_dialog_1000_6">
		<text> Mantenha seu premio. </text>
	</string>
	<string id = "total_reward_dialog_1000_7">
		<text> Mantenha seu premio. </text>
	</string>
	<string id = "total_reward_dialog_1000_8">
		<text> Mantenha seu premio. </text>
	</string>
	<string id = "total_reward_dialog_1000_9">
		<text> Mantenha seu premio. </text>
	</string>
	<string id = "total_reward_dialog_1000_10">
		<text> Mantenha seu premio. </text>
	</string>
	<string id = "total_reward_dialog_1000_11">
		<text> Mantenha seu premio. </text>
	</string>
	<string id = "total_reward_dialog_1000_12">
		<text> Mantenha seu premio. </text>
	</string>
	<string id = "total_reward_dialog_1000_13">
		<text> Mantenha seu premio. </text>
	</string>
	<string id = "total_reward_dialog_1000_14">
		<text> Mantenha seu premio. </text>
	</string>
	<string id = "total_reward_dialog_1000_15">
		<text> Mantenha seu premio. </text>
	</string>
	<string id = "total_reward_dialog_1000_16">
		<text> Mantenha seu premio. </text>
	</string>
	<string id = "total_reward_dialog_1000_17">
		<text> Mantenha seu premio. </text>
	</string>
	<string id = "total_reward_dialog_1000_18">
		<text> Mantenha seu premio. </text>
	</string>
	<string id = "total_reward_dialog_1000_19">
		<text> Mantenha seu premio. </text>
	</string>
	<string id = "total_reward_dialog_1000_20">
		<text> Mantenha seu premio. </text>
	</string>
	<string id = "total_reward_dialog_1000_21">
		<text> Mantenha seu premio. </text>
	</string>
	<string id = "total_reward_dialog_1000_22">
		<text> Mantenha seu premio. </text>
	</string>
	<string id = "total_reward_dialog_1000_23">
		<text> Nada. Voce perdeu. </text>
	</string>
	<string id = "total_reward_dialog_1000_24">
		<text> Nada. Voce perdeu. </text>
	</string>
	<string id = "total_reward_dialog_1000_25">
		<text> Nada. Voce perdeu. </text>
	</string>
	<string id = "total_reward_dialog_1000_26">
		<text> Nada. Voce perdeu. </text>
	</string>
	<string id = "total_reward_dialog_1000_27">
		<text> Nada. Voce perdeu. </text>
	</string>
	<string id = "total_reward_dialog_1000_28">
		<text> Nada. Voce perdeu. </text>
	</string>
	<string id = "total_reward_dialog_1000_29">
		<text> Nada. Voce perdeu. </text>
	</string>
	<string id = "total_reward_dialog_1000_30">
		<text> Nada. Voce perdeu. </text>
	</string>
	<string id = "total_reward_dialog_1000_31">
		<text> Nada. Voce perdeu. </text>
	</string>
	<string id = "total_reward_dialog_1000_32">
		<text> Nada. Voce perdeu. </text>
	</string>
	<string id = "total_reward_dialog_1000_33">
		<text> Nada. Voce perdeu. </text>
	</string>
	<string id = "total_reward_dialog_1000_34">
		<text> Nada. Voce perdeu. </text>
	</string>
	<string id = "total_reward_dialog_1000_35">
		<text> Nada. Voce perdeu. </text>
	</string>
	<string id = "total_reward_dialog_1000_36">
		<text> Nada. Voce perdeu. </text>
	</string>
	<string id = "total_reward_dialog_1000_37">
		<text> Nada. Voce perdeu. </text>
	</string>
	<string id = "total_reward_dialog_1000_38">
		<text> Nada. Voce perdeu. </text>
	</string>

	<string id = "total_reward_dialog_2500_0">
		<text> E o dinheiro? </text>
	</string>
	<string id = "total_reward_dialog_2500_1">
		<text> Mantenha seu premio. </text>
	</string>
	<string id = "total_reward_dialog_2500_2">
		<text> Mantenha seu premio. </text>
	</string>
	<string id = "total_reward_dialog_2500_3">
		<text> Mantenha seu premio. </text>
	</string>
	<string id = "total_reward_dialog_2500_4">
		<text> Mantenha seu premio. </text>
	</string>
	<string id = "total_reward_dialog_2500_5">
		<text> Mantenha seu premio. </text>
	</string>
	<string id = "total_reward_dialog_2500_6">
		<text> Mantenha seu premio. </text>
	</string>
	<string id = "total_reward_dialog_2500_7">
		<text> Mantenha seu premio. </text>
	</string>
	<string id = "total_reward_dialog_2500_8">
		<text> Mantenha seu premio. </text>
	</string>
	<string id = "total_reward_dialog_2500_9">
		<text> Mantenha seu premio. </text>
	</string>
	<string id = "total_reward_dialog_2500_10">
		<text> Mantenha seu premio. </text>
	</string>
	<string id = "total_reward_dialog_2500_11">
		<text> Mantenha seu premio. </text>
	</string>
	<string id = "total_reward_dialog_2500_12">
		<text> Mantenha seu premio. </text>
	</string>
	<string id = "total_reward_dialog_2500_13">
		<text> Mantenha seu premio. </text>
	</string>
	<string id = "total_reward_dialog_2500_14">
		<text> Mantenha seu premio. </text>
	</string>
	<string id = "total_reward_dialog_2500_15">
		<text> Mantenha seu premio. </text>
	</string>
	<string id = "total_reward_dialog_2500_16">
		<text> Mantenha seu premio. </text>
	</string>
	<string id = "total_reward_dialog_2500_17">
		<text> Mantenha seu premio. </text>
	</string>
	<string id = "total_reward_dialog_2500_18">
		<text> Mantenha seu premio. </text>
	</string>
	<string id = "total_reward_dialog_2500_19">
		<text> Mantenha seu premio. </text>
	</string>
	<string id = "total_reward_dialog_2500_20">
		<text> Mantenha seu premio. </text>
	</string>
	<string id = "total_reward_dialog_2500_21">
		<text> Mantenha seu premio. </text>
	</string>
	<string id = "total_reward_dialog_2500_22">
		<text> Mantenha seu premio. </text>
	</string>
	<string id = "total_reward_dialog_2500_23">
		<text> Nada. Voce perdeu. </text>
	</string>
	<string id = "total_reward_dialog_2500_24">
		<text> Nada. Voce perdeu. </text>
	</string>
	<string id = "total_reward_dialog_2500_25">
		<text> Nada. Voce perdeu. </text>
	</string>
	<string id = "total_reward_dialog_2500_26">
		<text> Nada. Voce perdeu. </text>
	</string>
	<string id = "total_reward_dialog_2500_27">
		<text> Nada. Voce perdeu. </text>
	</string>
	<string id = "total_reward_dialog_2500_28">
		<text> Nada. Voce perdeu. </text>
	</string>
	<string id = "total_reward_dialog_2500_29">
		<text> Nada. Voce perdeu. </text>
	</string>
	<string id = "total_reward_dialog_2500_30">
		<text> Nada. Voce perdeu. </text>
	</string>
	<string id = "total_reward_dialog_2500_31">
		<text> Nada. Voce perdeu. </text>
	</string>
	<string id = "total_reward_dialog_2500_32">
		<text> Nada. Voce perdeu. </text>
	</string>
	<string id = "total_reward_dialog_2500_33">
		<text> Nada. Voce perdeu. </text>
	</string>
	<string id = "total_reward_dialog_2500_34">
		<text> Nada. Voce perdeu. </text>
	</string>
	<string id = "total_reward_dialog_2500_35">
		<text> Nada. Voce perdeu. </text>
	</string>
	<string id = "total_reward_dialog_2500_36">
		<text> Nada. Voce perdeu. </text>
	</string>
	<string id = "total_reward_dialog_2500_37">
		<text> Nada. Voce perdeu. </text>
	</string>
	<string id = "total_reward_dialog_2500_38">
		<text> Nada. Voce perdeu. </text>
	</string>

	<string id = "total_reward_dialog_5000_0">
		<text> E o dinheiro? </text>
	</string>
	<string id = "total_reward_dialog_5000_1">
		<text> Mantenha seu premio. </text>
	</string>
	<string id = "total_reward_dialog_5000_2">
		<text> Mantenha seu premio. </text>
	</string>
	<string id = "total_reward_dialog_5000_3">
		<text> Mantenha seu premio. </text>
	</string>
	<string id = "total_reward_dialog_5000_4">
		<text> Mantenha seu premio. </text>
	</string>
	<string id = "total_reward_dialog_5000_5">
		<text> Mantenha seu premio. </text>
	</string>
	<string id = "total_reward_dialog_5000_6">
		<text> Mantenha seu premio. </text>
	</string>
	<string id = "total_reward_dialog_5000_7">
		<text> Mantenha seu premio. </text>
	</string>
	<string id = "total_reward_dialog_5000_8">
		<text> Mantenha seu premio. </text>
	</string>
	<string id = "total_reward_dialog_5000_9">
		<text> Mantenha seu premio. </text>
	</string>
	<string id = "total_reward_dialog_5000_10">
		<text> Mantenha seu premio. </text>
	</string>
	<string id = "total_reward_dialog_5000_11">
		<text> Mantenha seu premio. </text>
	</string>
	<string id = "total_reward_dialog_5000_12">
		<text> Mantenha seu premio. </text>
	</string>
	<string id = "total_reward_dialog_5000_13">
		<text> Mantenha seu premio. </text>
	</string>
	<string id = "total_reward_dialog_5000_14">
		<text> Mantenha seu premio. </text>
	</string>
	<string id = "total_reward_dialog_5000_1">
		<text> Mantenha seu premio. </text>
	</string>
	<string id = "total_reward_dialog_5000_15">
		<text> Mantenha seu premio. </text>
	</string>
	<string id = "total_reward_dialog_5000_16">
		<text> Mantenha seu premio. </text>
	</string>
	<string id = "total_reward_dialog_5000_17">
		<text> Mantenha seu premio. </text>
	</string>
	<string id = "total_reward_dialog_5000_18">
		<text> Mantenha seu premio. </text>
	</string>
	<string id = "total_reward_dialog_5000_19">
		<text> Mantenha seu premio. </text>
	</string>
	<string id = "total_reward_dialog_5000_20">
		<text> Mantenha seu premio. </text>
	</string>
	<string id = "total_reward_dialog_5000_21">
		<text> Mantenha seu premio. </text>
	</string>
	<string id = "total_reward_dialog_5000_22">
		<text> Mantenha seu premio. </text>
	</string>
	<string id = "total_reward_dialog_5000_23">
		<text> Mantenha seu premio. </text>
	</string>
	<string id = "total_reward_dialog_5000_24">
		<text> Mantenha seu premio. </text>
	</string>
	<string id = "total_reward_dialog_5000_25">
		<text> Mantenha seu premio. </text>
	</string>
	<string id = "total_reward_dialog_5000_26">
		<text> Mantenha seu premio. </text>
	</string>
	<string id = "total_reward_dialog_5000_27">
		<text> Mantenha seu premio. </text>
	</string>
	<string id = "total_reward_dialog_5000_28">
		<text> Mantenha seu premio. </text>
	</string>
	<string id = "total_reward_dialog_5000_29">
		<text> Mantenha seu premio. </text>
	</string>
	<string id = "total_reward_dialog_5000_30">
		<text> Mantenha seu premio. </text>
	</string>
	<string id = "total_reward_dialog_5000_31">
		<text> Mantenha seu premio. </text>
	</string>
	<string id = "total_reward_dialog_5000_32">
		<text> Mantenha seu premio. </text>
	</string>
	<string id = "total_reward_dialog_5000_33">
		<text> Mantenha seu premio. </text>
	</string>
	<string id = "total_reward_dialog_5000_34">
		<text> Mantenha seu premio. </text>
	</string>
	<string id = "total_reward_dialog_5000_35">
		<text> Mantenha seu premio. </text>
	</string>
	<string id = "total_reward_dialog_5000_36">
		<text> Mantenha seu premio. </text>
	</string>
	<string id = "total_reward_dialog_5000_37">
		<text> Mantenha seu premio. </text>
	</string>
	<string id = "total_reward_dialog_5000_38">
		<text> Mantenha seu premio. </text>
	</string>
</string_table>