<? xml version = "1.0" encoding = "windows-1251"?>
<string_table>
	<string id = "jup_a10_bandit_leader_name">
		<text> Valet </text>
	</string>
	<string id = "jup_a10_stalker_vano">
		<text> Vano </text>
	</string>
	<string id = "jup_a6_duty_leader">
		<text> Tenente-coronel Shulga </text>
	</string>
	<string id = "jup_a6_freedom_leader">
		<text> Loki </text>
	</string>
	<string id = "jup_a6_stalker_barmen">
		<text> Havaiano </text>
	</string>
	<string id = "jup_a6_stalker_medik">
		<text> Bonesetter </text>
	</string>
	<string id = "jup_b10_stalker_drunk">
		<text> Senka </text>
	</string>
	<string id = "jup_b15_zulus">
		<text> Zulu </text>
	</string>
	<string id = "jup_b19_freedom_yar_name">
		<text> Yar </text>
	</string>
	<string id = "jup_b1_stalker_1">
		<text> Topol </text>
	</string>
	<string id = "jup_b1_stalker_2">
		<text> Bulava </text>
	</string>
	<string id = "jup_b1_stalker_3">
		<text> Grisha </text>
	</string>
	<string id = "jup_b1_stalker_4">
		<text> Cobra </text>
	</string>
	<string id = "jup_b207_merc_leader_name">
		<text> Grif </text>
	</string>
	<string id = "jup_b217_stalker_tech">
		<text> Nitro </text>
	</string>
	<string id = "jup_b220_trapper">
		<text> Trapper </text>
	</string>
	<string id = "jup_b25_freedom_flint">
		<text> Flint </text>
	</string>
	<string id = "jup_b46_duty_founder_name">
		<text> General Tkachenko </text>
	</string>
	<string id = "jup_b46_duty_founder_squad_02_name">
		<text> Tenente Bunchuk </text>
	</string>
	<string id = "jup_b46_duty_founder_squad_03_name">
		<text> Coronel Kosmach </text>
	</string>
	<string id = "jup_b46_duty_founder_squad_04_name">
		<text> Tenente Zaharchuk </text>
	</string>
	<string id = "yan_merc_01">
		<text> Cherniy </text>
	</string>
	<string id = "yan_merc_02">
		<text> Dupleto </text>
	</string>
	<string id = "yan_merc_03">
		<text> Cirurgiao </text>
	</string>
	<string id = "yan_merc_04">
		<text> Cranio </text>
	</string>
	<string id = "yan_merc_05">
		<text> Kol </text>
	</string>
	<string id = "yan_merc_06">
		<text> Koschei </text>
	</string>
	<string id = "yan_merc_07">
		<text> Cadaver </text>
	</string>
	<string id = "jup_b4_monolith_squad_leader_name">
		<text> Rogue </text>
	</string>
	<string id = "jup_b4_monolith_squad_soldier_1_name">
		<text> Bracer </text>
	</string>
	<string id = "jup_b4_monolith_squad_soldier_2_name">
		<text> Foice </text>
	</string>
	<string id = "jup_b4_monolith_squad_soldier_3_name">
		<text> Morsa </text>
	</string>
	<string id = "jup_b4_monolith_squad_soldier_4_name">
		<text> Tihiy </text>
	</string>
	<string id = "jup_b4_monolith_squad_soldier_5_name">
		<text> Foma </text>
	</string>
	<string id = "jup_b6_scientist_biochemist">
		<text> Professor Ozersky </text>
	</string>
	<string id = "jup_b6_scientist_novikov">
		<text> Tukarev </text>
	</string>
	<string id = "jup_b6_scientist_nuclear_physicist">
		<text> Professor Hermann </text>
	</string>
	<string id = "jup_b9_shliachin_name">
		<text> Sargento Shlyachin </text>
	</string>
	<string id = "pri_a15_military_recon_1_name">
		<text> Tenente Sergeev </text>
	</string>
	<string id = "pri_a15_military_recon_2_name">
		<text> Sargento Valyushok </text>
	</string>
	<string id = "pri_a15_military_recon_3_name">
		<text> Sargento Ostrovskiy </text>
	</string>
	<string id = "pri_a15_military_recon_leader_name">
		<text> Capitao Klimenko </text>
	</string>
	<string id = "pri_a15_sokolov_name">
		<text> Tenente Sokolov </text>
	</string>
	<string id = "pri_a17_military_captain_tarasov">
		<text> Capitao Tarasov </text>
	</string>
	<string id = "pri_a17_military_colonel_kovalski_name">
		<text> Coronel Kovalsky </text>
	</string>
	<string id = "pri_a17_military_lieutenant_podorojniy">
		<text> Tenente Podorozhniy </text>
	</string>
	<string id = "pri_a18_skorlupko_in_suit_name">
		<text> Tenente Skelya </text>
	</string>
	<string id = "pri_a18_vano_in_suit_reserve_name">
		<text> Sargento Merkulov </text>
	</string>
	<string id = "pri_a21_sentry_lieutenant_stecenko_name">
		<text> Tenente Stecenko </text>
	</string>
	<string id = "pri_a22_military_yarmoshuk_name">
		<text> Sargento Yarmoshuk </text>
	</string>
	<string id = "pri_a25_army_medic_name">
		<text> Tenente Rogovets </text>
	</string>
	<string id = "pri_a28_evac_com_name">
		<text> Tenente Smirnov </text>
	</string>
	<string id = "pri_b305_strelok_name">
		<text> Strelok </text>
	</string>
	<string id = "pri_b306_envoy_name">
		<text> Durad Vidic </text>
	</string>
	<string id = "st_actor_name">
		<text> Degtyarev </text>
	</string>
	<string id = "st_actor_generic_name">
		<text> Jogador </text>
	</string>
	<string id = "st_jup_a12_bandit_cashier">
		<text> Gnom </text>
	</string>
	<string id = "st_jup_a12_bandit_chief">
		<text> Shishak </text>
	</string>
	<string id = "st_jup_a12_stalker_assaulter">
		<text> Urso </text>
	</string>
	<string id = "st_jup_a12_stalker_diplomat">
		<text> Torba </text>
	</string>
	<string id = "st_jup_a12_stalker_prisoner">
		<text> Mityay </text>
	</string>
	<string id = "st_jup_b207_duty_security_squad_leader_name">
		<text> Tenente Gavrilenko </text>
	</string>
	<string id = "st_jup_b207_freedom_assault_squad_leader_name">
		<text> Kremen </text>
	</string>
	<string id = "st_jup_b207_freedom_recon_squad_leader_name">
		<text> Gayduk </text>
	</string>
	<string id = "st_jup_b43_stalker_assistant">
		<text> Garik </text>
	</string>
	<string id = "st_pri_a22_army_signaller">
		<text> Tenente Kirillov </text>
	</string>
	<string id = "st_pri_b35_envoy">
		<text> Serbin </text>
	</string>
	<string id = "st_pri_b35_merc_leader">
		<text> Chacal </text>
	</string>
	<string id = "st_zat_a2_stalker_nimble_name">
		<text> Agil </text>
	</string>
	<string id = "st_zat_b106_stalker_crab_name">
		<text> Caranguejo </text>
	</string>
	<string id = "st_zat_b106_stalker_garmata_name">
		<text> Garmata </text>
	</string>
	<string id = "st_zat_b106_stalker_gonta_name">
		<text> Gonta </text>
	</string>
	<string id = "st_zat_b29_stalker_rival_1">
		<text> Kuvalda </text>
	</string>
	<string id = "st_zat_b29_stalker_rival_2">
		<text> Greben </text>
	</string>
	<string id = "st_zat_b30_owl_stalker_trader_name">
		<text> Coruja </text>
	</string>
	<string id = "st_zat_b38_stalker_cop_name">
		<text> Gluhar </text>
	</string>
	<string id = "st_zat_b38_stalker_hunter_name">
		<text> Danila </text>
	</string>
	<string id = "st_zat_b7_bandit_boss_sultan_name">
		<text> Sultao </text>
	</string>
	<string id = "st_zat_b7_duty_illicit_dealer_name">
		<text> Morgan </text>
	</string>
	<string id = "st_zat_b7_stalker_raider_leader">
		<text> lance </ text>
	</string>
	<string id = "st_zat_b7_stalker_squad_leader">
		<text> Spartacus </text>
	</string>
	<string id = "zat_a2_stalker_barmen_name">
		<text> Barba </text>
	</string>
	<string id = "zat_a2_stalker_mechanic_name">
		<text> Cardan </text>
	</string>
	<string id = "zat_b103_lost_merc_1_name">
		<text> Goblin </text>
	</string>
	<string id = "zat_b103_lost_merc_2_name">
		<text> Carvalho </text>
	</string>
	<string id = "zat_b103_lost_merc_3_name">
		<text> Pianista </text>
	</string>
	<string id = "zat_b103_lost_merc_4_name">
		<text> Gazon </text>
	</string>
	<string id = "zat_b103_lost_merc_5_name">
		<text> Kirzach </text>
	</string>
	<string id = "zat_b103_lost_merc_6_name">
		<text> Tank </text>
	</string>
	<string id = "zat_b103_lost_merc_7_name">
		<text> Focinho </text>
	</string>
	<string id = "zat_b103_lost_merc_leader_name">
		<text> Hatchet </text>
	</string>
	<string id = "zat_b14_stalker_1_name">
		<text> Vobla </text>
	</string>
	<string id = "zat_b18_noah_name">
		<text> Noah </text>
	</string>
	<string id = "zat_b215_stalker_guide_name">
		<text> Navegador </text>
	</string>
	<string id = "zat_b22_stalker_medic_name">
		<text> Axel </text>
	</string>
	<string id = "zat_b28_draper_name">
		<text> Tenente Drapey </text>
	</string>
	<string id = "zat_b28_umerov_name">
		<text> Sargento Umerov </text>
	</string>
	<string id = "zat_b33_stalker_snag">
		<text> Senao </text>
	</string>
	<string id = "zat_b40_merc_squad_leader_1_name">
		<text> Hook </text>
	</string>
	<string id = "zat_b40_merc_squad_leader_2_name">
		<text> Backbone </text>
	</string>
	<string id = "zat_b42_mayron_name">
		<text> Mayron </text>
	</string>
	<string id = "zat_b44_stalker_barge_name">
		<text> Barcaca </text>
	</string>
	<string id = "zat_b53_artefact_hunter_1_name">
		<text> Petruha </text>
	</string>
	<string id = "zat_b53_artefact_hunter_2_name">
		<text> Furador </text>
	</string>
	<string id = "jup_b46_duty_founder_squad_01_name">
		<text> Major Chepurnoy </text>
	</string>
	<string id = "pri_a17_military_prapor_valentyr">
		<text> Sargento Valentir </text>
	</string>
	<string id = "pri_a17_military_sergeant_morozov">
		<text> Sargento Morozov </text>
	</string>
	<string id = "zat_b28_smoliak_name">
		<text> Tenente Senior Smolyak </text>
	</string>
	<string id = "jup_b25_stalker_senya">
		<text> Chip </text>
	</string>
	<string id = "zat_b100_army_1">
		<text> Sargento Gazda </text>
	</string>
	<string id = "zat_b100_army_2">
		<text> Capitao Furtes </text>
	</string>
	<string id = "zat_b100_army_3">
		<text> Sargento Shveyko </text>
	</string>
	<string id = "cit_doctor_name">
		<text> Ivan Trodnik </text>
	</string>
	<string id = "marsh_doctor_name">
		<text> Medico </text>
	</string>
	<string id = "mar_smart_terrain_base_stalker_leader_marsh_name">
		<text> Frio </text>
	</string>
	<string id = "esc_wolf_bio">
		Guarda pessoal de Nimble. Um velho perseguidor planejando ser rico. </text>
	</string>
	<string id = "esc_wolf_name">
		<text> Lobo </text>
	</string>
	<string id = "esc_fanat_bio">
		<text> Assumiu a lideranca no acampamento de novatos depois de Wolf. Cheio de proposito, agressivo e com autoridade merecida sobre os recem-chegados. </text>
	</string>
	<string id = "esc_fanat_name">
		<text> Fanatico </text>
	</string>
	<string id = "bar_barmen_name">
		<text> Barkeep </text>
	</string>
	<string id = "bar_barmen_bio">
		<text> Nem um santo, nem um canalha. O Barkeep conhece seu valor e e respeitado por todos os perseguidores. Ha rumores de que ele esta se escondendo na Zona de alguns eventos sombrios de seu passado. Apos um encontro com a anomalia, ele comecou a mancar um pouco e decidiu mudar de emprego. Ele montou um bar junto a faccao Duty, e o local gradualmente se transformou no ponto de encontro de todos os veteranos da Zona. O Barkeep tem numerosas conexoes na Zona e no mundo exterior. </text>
	</string>
	<string id = "bar_bar_guard_bio">
		<text> Bouncer no bar. Ou o guarda-costas do Barkeep, se desejar. Nada se sabe sobre seu presente ou seu passado. </text>
	</string>
	<string id = "bar_bar_guard_name">
		<text> Garik </text>
	</string>
	<string id = "bar_bar_guard2_bio">
		<text> irmao gemeo de Garik. Leao-de-chacara no bar. Tao boca fechada quanto seu irmao. </text>
	</string>
	<string id = "bar_bar_guard2_name">
		<text> Zhorik </text>
	</string>
	<string id = "st_bar_duty_security_squad_leader_name">
		<text> Tenente Gavrilenko </text>
	</string>
	<string id = "bar_kicenko_name">
		<text> Sargento Kitsenko </text>
	</string>
	<string id = "sim_dolg_veteran_bio">
		Militante da faccao Dever. Geralmente bem equipado. Nao ha detalhes disponiveis. </text>
	</string>
	<string id = "escape_trader_bio">
		<text> Ele ganha a vida desde a infancia negociando. No jardim de infancia, ele costumava vender giz de cera. No ensino medio, ele comecou a vender chicletes. No Instituto, ele negociava drogas leves. Assim que a Zona chegou, ele percebeu seu potencial de ganhar dinheiro. Famosa por ser capaz de construir fortes relacoes comerciais com qualquer tipo de clientes mal classificados. </text>
	</string>
	<string id = "escape_trader_name">
		<text> Sidorovich </text>
	</string>
	<string id = "red_forester_name">
		<text> Forester </text>
	</string>
	<string id = "yan_st_sakharov_name">
		<text> Professor Sakharov </text>
	</string>
	<string id = "yan_semenov_bio">
		<text> Assistente de pesquisa no laboratorio movel. Nao ha detalhes disponiveis. </text>
	</string>
	<string id = "yan_semenov_name">
		<text> Professor Semenov </text>
	</string>
	<string id = "yan_vasilyev_name">
		<text> Professor Vasiliev </text>
	</string>
	<string id = "yan_vasilyev_bio">
		<text> Assistente de pesquisa no laboratorio movel. Nao ha detalhes disponiveis. </text>
	</string>
	<string id = "yan_kruglov_bio">
		<text> Ph.D. em biologia. Estudou mutacoes patogenicas em animais fora da Zona. Veio a Zona para estudar mutacoes cegas de caes. </text>
	</string>
	<string id = "yan_kruglov_name">
		<text> Professor Kruglov </text>
	</string>
	<string id = "mar_base_stalker_tech_name">
		<text> Novikov </text>
	</string>
	<string id = "mar_base_owl_stalker_trader_name">
		<text> Esporo </text>
	</string>
	<string id = "mar_base_stalker_barmen_name">
		<text> Bibliotecario </text>
	</string>
	<string id = "mil_Svoboda_engineer_name">
		<text> Parafuso </text>
	</string>
	<string id = "mil_Svoboda_trader_name">
		<text> Skinflint </text>
	</string>
	<string id = "bar_petrenko_name">
		<text> Coronel Petrenko </text>
	</string>
	<string id = "bar_voronin_name">
		<text> General Voronin </text>
	</string>
	<string id = "val_smart_terrain_7_3_bandit_mechanic_stalker_name">
		<text> Limpid </text>
	</string>
	<string id = "val_smart_terrain_7_4_bandit_trader_stalker_name">
		<text> Olivius </text>
	</string>
	<string id = "esc_smart_terrain_5_7_loner_mechanic_stalker_name">
		<text> Xenotech </text>
	</string>
	<string id = "pri_monolith_monolith_mechanic_stalker_name">
		<text> Clerigo </text>
	</string>
	<string id = "pri_monolith_monolith_trader_stalker_name">
		<text> Krolik </text>
	</string>
	<string id = "cit_killers_merc_mechanic_stalker_name">
		<text> Porco </text>
	</string>
	<string id = "cit_killers_merc_trader_stalker_name">
		<text> Dushman </text>
	</string>
	<string id = "cit_killers_merc_medic_stalker_name">
		<text> Cirurgiao </text>
	</string>
	<string id = "agr_smart_terrain_1_6_army_mechanic_stalker_name">
		<text> Tenente Kirilov </text>
	</string>
	<string id = "agr_smart_terrain_1_6_army_trader_stalker_name">
		<text> Sargento Spooner </text>
	</string>
	<string id = "agr_smart_terrain_1_6_army_medic_stalker_name">
		<text> Tenente Rogovets </text>
	</string>
	<string id = "bar_visitors_stalker_mechanic_name">
		<text> Mangun </text>
	</string>
	<string id = "mil_freedom_leader_name">
		<text> Lukash </text>
	</string>
	<string id = "mar_csky_commander_name">
		<text> Lebedev </text>
	</string>
	<string id = "warlab_osoznanie_name">
		<text> Representante da consciencia C </text>
	</string>
	<string id = "warlab_volunteer_name">
		<text> Voluntario da Consciencia C </text>
	</string>
	<string id = "sar2_clone_name">
		<text> Projecao </text>
	</string>
	<string id = "sar2_arena_manager_name">
		<text> Arnie </text>
	</string>
	<string id = "sar2_arena_savage_name">
		<text> Besta </text>
	</string>
	<string id = "sar2_bandit_leader_name">
		<text> Vasya 'Javali' </text>
	</string>
	<string id = "sar2_bio">
		<text> Uma forma psicomaterial criada pelo Monolito. </text>
	</string>
	<string id = "sar2_borov_name">
		<text> Borov </text>
	</string>
	<string id = "sar2_crazy_svoboda_name">
		<text> Perseguidor insano. </text>
	</string>
	<string id = "sar2_dolg_blokpost_leader_name">
		<text> Subtenente </text>
	</string>
	<string id = "sar2_dolg_guard_commander_name">
		<text> Chefe de Seguranca </text>
	</string>
	<string id = "sar2_dolg_skull_name">
		<text> 'Caveira' </text>
	</string>
	<string id = "sar2_dolg_zastava_commander_name">
		<text> comandante do posto avancado </text>
	</string>
	<string id = "sar2_dram_novice_name">
		<text> Yurik </text>
	</string>
	<string id = "sar2_explorer_name">
		<text> Zheka 'Doublet' </text>
	</string>
	<string id = "sar2_fanat_name">
		<text> 'Fanatico' </text>
	</string>
	<string id = "sar2_fox_name">
		<text> 'Raposa' </text>
	</string>
	<string id = "sar2_gordon_name">
		<text> Gordon </text>
	</string>
	<string id = "sar2_haron_name">
		<text> Caronte </text>
	</string>
	<string id = "sar2_hellcar_name">
		<text> Bes </text>
	</string>
	<string id = "sar2_informator_name">
		<text> Ara </text>
	</string>
	<string id = "sar2_ivancov_name">
		<text> Capitao Ivantsov </text>
	</string>
	<string id = "sar2_krot_name">
		<text> Toupeira Perseguidora </text>
	</string>
	<string id = "sar2_kruglov_name">
		<text> Professor Kruglov </text>
	</string>
	<string id = "sar2_kuznetsov_name">
		<text> Major Kuznetsov </text>
	</string>
	<string id = "sar2_lucky_name">
		<text> Sortudo </text>
	</string>
	<string id = "sar2_petrenko_name">
		<text> Coronel Petrenko </text>
	</string>
	<string id = "sar2_petruha_name">
		<text> Zhorik </text>
	</string>
	<string id = "sar2_professor_name">
		<text> Professor Sakharov </text>
	</string>
	<string id = "sar2_ryaboy_name">
		<text> Manchado </text>
	</string>
	<string id = "sar2_seryi_name">
		<text> 'Seriy' </text>
	</string>
	<string id = "sar2_svoboda_blockpost_leader_name">
		<text> 'Cap' </text>
	</string>
	<string id = "sar2_svoboda_bodyguard_name">
		<text> 'Kaput' </text>
	</string>
	<string id = "sar2_svoboda_cook_name">
		<text> 'Chef' </text>
	</string>
	<string id = "sar2_svoboda_engeneer_name">
		<text> Parafuso </text>
	</string>
	<string id = "sar2_svoboda_leader_name">
		<text> 'Lukash' </text>
	</string>
	<string id = "sar2_svoboda_max_name">
		<text> 'Max' </text>
	</string>
	<string id = "sar2_svoboda_stukach_name">
		<text> Pavlik </text>
	</string>
	<string id = "sar2_svoboda_trader_name">
		<text> 'Skinflint' </text>
	</string>
	<string id = "sar2_svoboda_ugrumyi_name">
		<text> 'Murk' </text>
	</string>
	<string id = "sar2_tiran_name">
		<text> Tyran </text>
	</string>
	<string id = "sar2_tolik_name">
		<text> Tolik </text>
	</string>
	<string id = "sar2_volkodav_name">
		<text> Wolfhound </text>
	</string>
	<string id = "sar2_voronin_name">
		<text> General Voronin </text>
	</string>
	<string id = "sar2_wolf_name">
		<text> 'Lobo' </text>
	</string>
	<string id = "dar_kalugin_name">
		<text> Piotr Kalugin </text>
	</string>
	<string id = "dar_rockatansky_name">
		<text> Rockatansky </text>
	</string>
	<string id = "bar_arny_name">
		<text> Arnie </text>
	</string>
	<string id = "bar_lelik_name">
		<text> Liolik </text>
	</string>
	<string id = "bar_beast_name">
		<text> Besta </text>
	</string>
	<string id = "yan_ghost_name">
		<text> Fantasma </text>
	</string>
	<string id = "warlab_entity_name">
		<text> Entidade Warlab </text>
	</string>
	<string id = "warlab_main_poltergeist_1">
		<text> Entidade Warlab </text>
	</string>
	<string id = "warlab_main_poltergeist_2">
		<text> Entidade Warlab </text>
	</string>
	<string id = "warlab_main_psysucker">
		<text> Entidade Warlab </text>
	</string>
	<string id = "warlab_main_psycontroller">
		<text> Entidade Warlab </text>
	</string>
	<string id = "jup_a6_freedom_trader_ashot_name">
		<text> Ashot </text>
	</string>
	<string id = "agr_kuznetsov_name">
		<text> Major Kuznetsov </text>
	</string>
	<string id = "devushka">
		<text> Quadril </text>
	</string>

	<! - Caracteres no MLR ->

	<string id = "agr_1_6_barman_army_mlr_name">
		<text> comandante </text>
	</string>
	<string id = "agr_1_6_medic_army_mlr_name">
		<text> Rogovets </text>
	</string>
	<string id = "army_south_mechan_mlr_name">
		<text> Seryoga </text>
	</string>
	<string id = "bar_dolg_medic_name">
		<text> Aspirina </text>
	</string>
	<string id = "bar_informator_mlr_name">
		<text> Pomo </text>
	</string>
	<string id = "cit_killers_merc_barman_mlr_name">
		<text> Aslan </text>
	</string>
	<string id = "st_dasc_tech_mlr_name">
		<text> Polimero </text>
	</string>
	<string id = "st_dasc_trade_mlr_name">
		<text> Cortador </text>
	</string>
	<string id = "ds_killer_guide_main_base_name">
		<text> Leopardo </text>
	</string>
	<string id = "ds_killer_medic_mlr_name">
		<text> Amanhecer </text>
	</string>
	<string id = "esc_3_16_military_trader_name">
		<text> Zhurov </text>
	</string>
	<string id = "esc_main_base_trader_mlr_name">
		<text> Loris </text>
	</string>
	<string id = "guid_bar_stalker_navigator_name">
		<text> Navegador </text>
	</string>
	<string id = "guid_dv_mal_mlr_name">
		<text> Pug </text>
	</string>
	<string id = "guid_jup_stalker_garik">
		<text> Garry </text>
	</string>
	<string id = "guid_marsh_mlr_name">
		<text> Genka </text>
	</string>
	<string id = "guid_pri_a15_mlr_name">
		<text> Turista </text>
	</string>
	<string id = "guid_zan_stalker_locman_name">
		<text> Piloto </text>
	</string>
	<string id = "hunter_gar_trader_name">
		<text> Acougueiro </text>
	</string>
	<string id = "lider_monolith_haron_name">
		<text> Caronte </text>
	</string>
	<string id = "mechanic_army_yan_mlr_name">
		<text> Peregrino </text>
	</string>
	<string id = "merc_pri_a18_mech_mlr_name">
		<text> Tronco </text>
	</string>
	<string id = "merc_pri_grifon_mlr_name">
		<text> Griffin </text>
	</string>
	<string id = "st_mil_freedom_barman_mlr_name">
		<text> Culinaria </text>
	</string>
	<string id = "mil_freedom_guid_name">
		<text> Leshiy </text>
	</string>
	<string id = "st_mil_freedom_medic_name">
		<text> Solido </text>
	</string>
	<string id = "pri_a16_mech_mlr_name">
		<text> Sledge </text>
	</string>
	<string id = "pri_spader_trader_mlr_name">
		<text> Meeker </text>
	</string>
	<string id = "trader_pri_a15_mlr_name">
		<text> Caixa </text>
	</string>
	<string id = "yan_povar_army_mlr_name">
		<text> Espirito </text>
	</string>
	<string id = "zat_tech_mlr_name">
		<text> Baco </text>
	</string>
	<string id = "zat_stancia_mech_merc_name">
		<text> Kolin </text>
	</string>
	<string id = "zat_stancia_trader_merc_name">
		<text> Vetor </text>
	</string>
	<string id = "mar_smart_terrain_base_doctor_name">
		<text> Professor Kalancha </text>
	</string>
	
	<string id = "stalker_gatekeeper_name">
		<text> Gatekeeper </text>
	</string>
	<string id = "lost_stalker_strelok_name">
		<text> Strelok </text>
	</string>
	<string id = "stalker_scope_name">
		<text> Escopo </text>
	</string>
	<string id = "stalker_wayfarer_name">
		<text> Wayfarer </text>
	</string>
	<string id = "greh_envoy_name">
		<text> Guia </text>
	</string>
	<string id = "greh_castigator_1_name">
		<text> Drekavac </text>
	</string>
	<string id = "greh_castigator_2_name">
		<text> Bolotnik </text>
	</string>
	<string id = "greh_castigator_3_name">
		<text> Upyr </text>
	</string>
	<string id = "greh_castigator_4_name">
		<text> Leshy </text>
	</string>
	<string id = "greh_castigator_5_name">
		<text> Bes </text>
	</string>
	<string id = "greh_castigator_6_name">
		<text> Resumo </text>
	</string>
	<string id = "greh_castigator_7_name">
		<text> Ved </text>
	</string>
	<string id = "greh_prisoner_name">
		<text> Psoglav </text>
	</string>
	<string id = "kat_greh_sabaoth_name">
		<text> Chernobog </text>
	</string>
	<string id = "monolith_eidolon_name">
		<text> Eidolon </text>
	</string>
	<string id = "army_degtyarev_name">
		<text> Coronel Degtyarev </text>
	</string>
	<string id = "army_degtyarev_jup_name">
		<text> Alexander Degtyarev </text>
	</string>
	<string id = "army_isg_spy_name">
		<text> Cabo Antonov </text>
	</string>
	<string id = "army_tarasov_name">
		<text> Major Tarasov </text>
	</string>
	<string id = "stalker_strelok_oa_name">
		<text> Strelok </text>
	</string>
	<string id = "stalker_rogue_oa_name">
		<text> Rogue </text>
	</string>
	<string id = "stalker_stitch_oa_name">
		<text> Stitch </text>
	</string>
	<string id = "agr_u_bandit_boss_name">
		<text> Reefer </text>
	</string>
	<string id = "red_greh_trader_name">
		<text> Stribog </text>
	</string>
	<string id = "red_greh_tech_name">
		<text> Dazhbog </text>
	</string>
	<string id = "jup_cont_mech_bandit_name">
		<text> Nilo </text>
	</string>
	<string id = "jup_cont_trader_bandit_name">
		<text> Klenov </text>
	</string>
	<string id = "mechanic_monolith_kbo_name">
		<text> Bracer </text>
	</string>
	<string id = "trader_monolith_kbo_name">
		<text> Olivar </text>
	</string>
	<string id = "ds_domik_isg_leader_name">
		<text> Major Hernandez </text>
	</string>
	<string id = "jup_depo_isg_tech_name">
		<text> Tenente Maus </text>
	</string>
</string_table>