<?xml version="1.0" encoding="windows-1251"?>
<string_table>

 <!-- Dusman (Mercenary Leader) -->
 	<string id="find_blackbox_mlr_reward_killer_0">
		<text>Here. I found a flight recorder.</text>
	</string>
	<string id="find_blackbox_mlr_reward_killer_1">
		<text>A military one? Great. That's actually a nice gizmo you've got there - I'll take it off your hands for some paper.</text>
	</string>


<!-- (Mercenary Guide) -->
	<string id="meet_ds_killer_guide_main_base_0">
		<text>How do I get out of here?</text>
	</string>
	<string id="meet_ds_killer_guide_main_base_1">
		<text>This place is surrounded by all sorts of danger, but we've got an underground sewer network. There's a guide who can get you out of the city to one of our few bases, located in southern Zaton.</text>
	</string>

	<string id="meet_ds_killer_guide_main_base_list_0">
		<text>Remind me, where do the routes lead?</text>
	</string>
	<string id="meet_ds_killer_guide_main_base_list_1">
		<text>Your only option is the waste processing plant in southeastern Zaton. It'll cost you eight thousand rubles.</text>
	</string>
	
	<string id="travel_ds_killer_guide_main_base_0">
		<text>I want to leave the city.</text>
	</string>
	<string id="travel_ds_killer_guide_main_base_1">
		<text>You sure? Our only option is to the north - we'll be arriving at the waste processing station in southern Zaton. Eight thousand rubles.</text>
	</string>
	<string id="travel_ds_killer_guide_main_base_2">
		<text>I'm ready, let's head to Zaton. %c[d_orange][8000 RU]</text>
	</string>
	<string id="travel_ds_killer_guide_main_base_3">
		<text>I've changed my mind.</text>
	</string>
	
	
 <!-- Aslan (Mercenary Barman) -->
	<string id="talk_to_aslan_on_main_base_merk_0">
		<text>Tell me about yourself.</text>
	</string>
	<string id="talk_to_aslan_on_main_base_merk_1"> <!-- Fixed -->
		<text>What's there to tell? I'm the local bartender - but who can tell amidst this crap, yeah? We've been stuck here for days, barely maintaining ourselves. I took part in the defense of the president's palace back then, migrated to Switzerland. Then I came to the Zone. I enjoyed visiting the Bar with friends, drinking and reminiscing of older days... During one of such visits I was offered a place in the the Syndicate. It was barely upholding at the time, so Dushman and I are sort of pioneers in this. So what? The roundabouts are fitting, there are people who've been in Afghanistan and Georgia. But people from the Baltic aren't too eager to come, never mind the first world countries.</text>
	</string>


	<string id="talk_to_aslan_about_lottery_0">
		<text>Heard that you're interested in faction patches.</text>
	</string>
	<string id="talk_to_aslan_about_lottery_1">
		<text>How can I put this? Personally, no, I'm not "interested" in them - however, with morale being rather low lately, it's an optimal method for our guys to earn some spoils of war. Plus, the high-ups want them. Here's how it works: you bring me patches from stalkers, you get some gear or nothing at all - sometimes the tray's gotta be empty, eh? For twenty-five patches of any faction, apart from those of Ecologists and the Monolith, you have a chance to get a subpar artefact, or not get jack shit. With fifty patches, you'll have a chance to get a decent artefact and some rather solid gear, but there's also a chance that you won't get anything. And for twenty-five Monolith or Ecologist patches, you will get a pretty good artefact with the same chance as for fifty patches of any other faction. Fifty Monolith or Ecologist patches will guarantee you an outstanding item and good equipment dedicated only to the most experienced of stalkers, no chance of losing. You might ask, "why so generous?"... Because many people prefer to keep the patches for themselves as combat trophies.</text>
	</string>
	<string id="talk_to_aslan_about_lottery_2">
		<text>What about you? What are you doing with them all?</text>
	</string>
	<string id="talk_to_aslan_about_lottery_3">
		<text>Not really your business. Just get me the patches, and hope for something good. That's how the lottery works, end of story.</text>
	</string>

	<string id="lottery_ds_aslan_mlr_0">
		<text>I have some patches.</text>
	</string>
	<string id="lottery_ds_aslan_mlr_1">
		<text>Excellent, which ones?</text>
	</string>
		<string id="lottery_ds_aslan_mlr_2">
			<text>Clear Sky, twenty-five patches.</text>
		</string>
		<string id="lottery_ds_aslan_mlr_3">
			<text>Freedom, twenty-five patches.</text>
		</string>
		<string id="lottery_ds_aslan_mlr_4">
			<text>Loners, twenty-five patches.</text>
		</string>
		<string id="lottery_ds_aslan_mlr_5">
			<text>Ecologists', twenty-five patches.</text>
		</string>
		<string id="lottery_ds_aslan_mlr_6">
			<text>Bandits, twenty-five patches.</text>
		</string>
		<string id="lottery_ds_aslan_mlr_7">
			<text>Duty, twenty-five patches.</text>
		</string>
		<string id="lottery_ds_aslan_mlr_8">
			<text>Monolith, twenty-five patches.</text>
		</string>
		<string id="lottery_ds_aslan_mlr_9">
			<text>Military, twenty-five patches.</text>
		</string>
		<string id="lottery_ds_aslan_mlr_11">
			<text>Clear Sky, fifty patches.</text>
		</string>
		<string id="lottery_ds_aslan_mlr_12">
			<text>Freedom, fifty patches.</text>
		</string>
		<string id="lottery_ds_aslan_mlr_13">
			<text>Loners, fifty patches.</text>
		</string>
		<string id="lottery_ds_aslan_mlr_14">
			<text>Ecologists'. Even got fifty.</text>
		</string>
		<string id="lottery_ds_aslan_mlr_15">
			<text>Bandits, fifty patches.</text>
		</string>
		<string id="lottery_ds_aslan_mlr_16">
			<text>Duty, fifty patches.</text>
		</string>
		<string id="lottery_ds_aslan_mlr_17">
			<text>Monolith, fifty patches.</text>
		</string>
		<string id="lottery_ds_aslan_mlr_18">
			<text>Military, fifty patches.</text>
		</string>
	<string id="lottery_ds_aslan_mlr_10">
		<text>Changed my mind.</text>
	</string>
	<string id="lottery_ds_aslan_mlr_19">
		<text>Here, take your artefact.</text>
	</string>
	<string id="lottery_ds_aslan_mlr_20">
		<text>Here.</text>
	</string>
	<string id="lottery_ds_aslan_mlr_21">
		<text>Here, take it.</text>
	</string>
	<string id="lottery_ds_aslan_mlr_22">
		<text>Here's your artefact.</text>
	</string>
	<string id="lottery_ds_aslan_mlr_23">
		<text>Someone got lucky tonight.</text>
	</string>
	<string id="lottery_ds_aslan_mlr_24">
		<text>You get a nice present.</text>
	</string>
	<string id="lottery_ds_aslan_mlr_25">
		<text>Here's a solid artefact.</text>
	</string>
	<string id="lottery_ds_aslan_mlr_26">
		<text>You're a lucky man! Here's something for the radiation.</text>
	</string>
	<string id="lottery_ds_aslan_mlr_27">
		<text>A beautiful artefact. Here you go.</text>
	</string>
	<string id="lottery_ds_aslan_mlr_28">
		<text>Two artefacts! You're lucky.</text>
	</string>
	<string id="lottery_ds_aslan_mlr_29">
		<text>And here's the jackpot!</text>
	</string>
	<string id="lottery_ds_aslan_mlr_30">
		<text>You're lucky.</text>
	</string>
	<string id="lottery_ds_aslan_mlr_31">
		<text>An excellent kit for an artefact hunter!</text>
	</string>
	<string id="lottery_ds_aslan_mlr_34">
		<text>A rare and wonderful artefact.</text>
	</string>
	<string id="lottery_ds_aslan_mlr_35">
		<text>Damn, you're lucky!</text>
	</string>
	<string id="lottery_ds_aslan_mlr_36">
		<text>Jackpot!</text>
	</string>
	<string id="lottery_ds_aslan_mlr_37">
		<text>Alas, you didn't get anything.</text>
	</string>
	<string id="lottery_ds_aslan_mlr_38">
		<text>Whoops! You pulled the short straw! Better luck next time.</text>
	</string>
	<string id="lottery_ds_aslan_mlr_39">
		<text>Better luck next time.</text>
	</string>
	<string id="lottery_ds_aslan_mlr_40">
		<text>Excellent equipment for an excellent marksman.</text>
	</string>
	<string id="lottery_ds_aslan_mlr_41">
		<text>Ideal for long-range attacks.</text>
	</string>

	<string id="aslan_st_0">
		<text>What's the current situation?</text>
	</string>
	<string id="aslan_st_1">
		<text>Well, the Syndicate only has one central base in the Zone, and it's right here. The path to Yantar is cut off because of the psy-installation, and crowds of zombies sometimes come out of there, along with mutants. Limansk has gone to shit - it's a maze full of dangers. The Red Forest is even more dangerous, since Monolith fighters have settled at the bridge to Limansk while the rest of the area is crawling with mutants. At the Army Warehouses in the east, it's all Freedom territory.</text>
	</string>
	<string id="aslan_st_2">
		<text>Go on.</text>
	</string>
	<string id="aslan_st_3">
		<text>As for any dangers, you'll see those for yourself. Keep in mind, though; when carrying out orders, you've got a job to do, and any emotions are just gonna distract you. Put those aside... There's no room for emotion, no room for morality - only intellect and calculation. And regarding other paths, the safest route is through Limansk. There's plenty of closed space where you'll be safe from sniper fire, and there is shelter where you can hide from firefights, as well as anomalies. The area's quite unpredictable, however - never gonna know what exactly's around the corner.</text>
	</string>
	<string id="aslan_st_4">
		<text>You say the base is central. Does that mean there are any other outposts?</text>
	</string>
	<string id="aslan_st_5">
		<text>There are two minor ones that I know of. The first one is in Zaton, at the edge of the northern marshes. The second one is in the southwest part of the Pripyat outskirts. We've also got a group stationed in the Wild Territory, and you can find our squads in different parts of the Zone when they carry out contracts.</text>
	</string>
	<string id="aslan_st_6">
		<text>So anything north of Limansk is Monolith territory.</text>
	</string>
	<string id="aslan_st_7">
		<text>Pretty much. There's an old hospital not far from Limansk. No point in going there - the path to the Chernobyl NPP, as well as the one leading to Yantar are both cut off by psy-emissions.</text>
	</string>
	<string id="aslan_st_8">
		<text>Understood, thanks for the info.</text>
	</string>

	<string id="information_about_stash_aslan_0">
		<text>Heard you got information on stashes.</text>
	</string>
	<string id="information_about_stash_aslan_1">
		<text>You heard right. We always keep an eye on loot after raids. It's yours for six and a half thousand.</text>
	</string>

	<string id="information_about_stash_aslan1_0">
		<text>Here. %c[d_orange][6500 RU]</text>
	</string>
	<string id="information_about_stash_aslan1_1">
		<text>Sweet. Enjoy.</text>
	</string>

</string_table>
