<?xml version="1.0" encoding="windows-1251"?>
<string_table>
	<!-- Communities -->
	<string id="ui_st_community">
		<text>Faction</text>
	</string>

	<!-- Actor Factions -->
	<string id="actor">
		<text>Loner</text>
	</string>
	<string id="actor_army">
		<text>Military</text>
	</string>
	<string id="actor_bandit">
		<text>Bandit</text>
	</string>
	<string id="actor_csky">
		<text>Clear Sky</text>
	</string>
	<string id="actor_dolg">
		<text>Duty</text>
	</string>
	<string id="actor_ecolog">
		<text>Ecologist</text>
	</string>
	<string id="actor_freedom">
		<text>Freedom</text>
	</string>
	<string id="actor_killer">
		<text>Mercenary</text>
	</string>
	<string id="actor_monolith">
		<text>Monolith</text>
	</string>
	<string id="actor_monster">
		<text>Mutant</text>
	</string>
	<string id="actor_stalker">
		<text>Loner</text>
	</string>
	<string id="actor_renegade">
		<text>Renegade</text>
	</string>
	<string id="actor_greh">
		<text>Sin</text>
	</string>
	<string id="actor_isg">
		<text>UNISG</text>
	</string>
	<string id="actor_zombied">
		<text>Zombified</text>
	</string>

	<string id="army">
		<text>Military</text>
	</string>
	<string id="bandit">
		<text>Bandit</text>
	</string>
	<string id="csky">
		<text>Clear Sky</text>
	</string>
	<string id="dolg">
		<text>Duty</text>
	</string>
	<string id="ecolog">
		<text>Ecologist</text>
	</string>
	<string id="freedom">
		<text>Freedom</text>
	</string>
	<string id="killer">
		<text>Mercenary</text>
	</string>
	<string id="monolith">
		<text>Monolith</text>
	</string>
	<string id="monster">
		<text>Mutant</text>
	</string>
	<string id="zombied">
		<text>Zombified</text>
	</string>
	<string id="greh">
		<text>Sin</text>
	</string>
	<string id="isg">
		<text>UNISG</text>
	</string>
	<string id="renegade">
		<text>Renegade</text>
	</string>
	<string id="greh_npc">
		<text>Sin</text>
	</string>
	<string id="army_npc">
		<text>SSU</text>
	</string>

	<!-- Goodwill -->
	<string id="ui_st_relation">
		<text>Relation</text>
	</string>
	<string id="st_goodwill_enemy">
		<text>Enemy</text>
	</string>
	<string id="st_goodwill_indifferent">
		<text>Neutral</text>
	</string>
	<string id="st_goodwill_friendly">
		<text>Friend</text>
	</string>

	<!-- Ranks -->
	<string id="ui_st_rank">
		<text>Rank</text>
	</string>
	<string id="st_rank_novice">
		<text>Rookie</text>
	</string>
	<string id="st_rank_trainee">
		<text>Trainee</text>
	</string>
	<string id="st_rank_experienced">
		<text>Experienced</text>
	</string>
	<string id="st_rank_professional">
		<text>Professional</text>
	</string>
	<string id="st_rank_veteran">
		<text>Veteran</text>
	</string>
	<string id="st_rank_expert">
		<text>Expert</text>
	</string>
	<string id="st_rank_master">
		<text>Master</text>
	</string>
	<string id="st_rank_legend">
		<text>Legend</text>
	</string>

	<!-- Reputations -->
	<string id="ui_st_reputation">
		<text>Reputation</text>
	</string>
	<string id="st_reputation_terrible">
		<text>Terrible</text>
	</string>
	<string id="st_reputation_really_bad">
		<text>Dreary</text>
	</string>
	<string id="st_reputation_very_bad">
		<text>Awful</text>
	</string>
	<string id="st_reputation_bad">
		<text>Bad</text>
	</string>
	<string id="st_reputation_neutral">
		<text>Neutral</text>
	</string>
	<string id="st_reputation_good">
		<text>Good</text>
	</string>
	<string id="st_reputation_very_good">
		<text>Great</text>
	</string>
	<string id="st_reputation_really_good">
		<text>Brilliant</text>
	</string>
	<string id="st_reputation_excellent">
		<text>Excellent</text>
	</string>

	<!-- Notifications -->
	<string id="st_rank_increased">
		<text>Your rank has improved.</text>
	</string>
	<string id="st_rank_decreased">
		<text>Your rank has worsened.</text>
	</string>
	<string id="st_reputation_increased">
		<text>Your reputation has improved.</text>
	</string>
	<string id="st_reputation_decreased">
		<text>Your reputation has worsened.</text>
	</string>
	
	<!-- Dynamic Relations - News building -->
    <string id="st_relations_and">
        <text>and</text>
    </string>
    <string id="st_relations_declared_war">
        <text>factions have declared war on each other.</text>
    </string>
    <string id="st_relations_alliance">
        <text>factions have formed an alliance.</text>
    </string>
    <string id="st_relations_deteriorating">
        <text> relations are deteriorating.</text>
    </string>
    <string id="st_relations_cease_fire">
        <text>factions have declared a cease-fire.</text>
    </string>
	
	<!-- Dynamic Relations - Goodwill-->
	<string id="st_ui_goodwill_name">
        <text>Goodwill</text>
    </string>
	<string id="st_ui_goodwill_5">
        <text>Maximal</text>
    </string>
	<string id="st_ui_goodwill_4">
        <text>Major</text>
    </string>
	<string id="st_ui_goodwill_3">
        <text>Moderate</text>
    </string>
	<string id="st_ui_goodwill_2">
        <text>Minor</text>
    </string>
	<string id="st_ui_goodwill_1">
        <text>Minimal</text>
    </string>
	
</string_table>
