<?xml version="1.0" encoding="windows-1251"?>
<string_table>
	<!-- Level Names -->
	<string id="l03_agroprom">
		<text>Agroprom</text>
	</string>
	<string id="l03u_agr_underground">
		<text>Agroprom Underground</text>
	</string>
	<string id="l07_military">
		<text>Army Warehouses</text>
	</string>
	<string id="l12_stancia_2">
		<text>Chernobyl NPP (North)</text>
	</string>
	<string id="l12_stancia">
		<text>Chernobyl NPP (South)</text>
	</string>
	<string id="l01_escape">
		<text>Cordon</text>
	</string>
	<string id="k01_darkscape">
		<text>Darkscape</text>
	</string>
	<string id="l04_darkvalley">
		<text>Dark Valley</text>
	</string>
	<string id="l09_deadcity">
		<text>Dead City</text>
	</string>
	<string id="l11_hospital">
		<text>Deserted Hospital</text>
	</string>
	<string id="fake_start">
		<text>Fake Start</text>
	</string>
	<string id="l02_garbage">
		<text>Garbage</text>
	</string>
	<string id="l13_generators">
		<text>Generators</text>
	</string>
	<string id="k00_marsh">
		<text>Great Swamps</text>
	</string>
	<string id="jupiter">
		<text>Jupiter</text>
	</string>
	<string id="jupiter_underground">
		<text>Jupiter Underground</text>
	</string>
	<string id="l08u_brainlab">
		<text>Laboratory X16 (Yantar)</text>
	</string>
	<string id="l04u_labx18">
		<text>Laboratory X18 (Dark Valley)</text>
	</string>
	<string id="l10u_bunker">
		<text>Laboratory X19 (Radar)</text>
	</string>
	<string id="labx8">
		<text>Laboratory X8 (Outskirts)</text>
	</string>
	<string id="l10_limansk">
		<text>Limansk</text>
	</string>
	<string id="l12u_control_monolith">
		<text>Monolith Control Center</text>
	</string>
	<string id="l13u_warlab">
		<text>Monolith War Lab</text>
	</string>
	<string id="pripyat">
		<text>Outskirts</text>
	</string>
	<string id="l11_pripyat">
		<text>Pripyat</text>
	</string>
	<string id="l10_radar">
		<text>Radar</text>
	</string>
	<string id="l10_red_forest">
		<text>Red Forest</text>
	</string>
	<string id="l05_bar">
		<text>Rostok</text>
	</string>
	<string id="l12u_sarcofag">
		<text>Sarcophagus</text>
	</string>
	<string id="k02_trucks_cemetery">
		<text>Truck Cemetery</text>
	</string>
	<string id="l06_rostok">
		<text>Wild Territory</text>
	</string>
	<string id="l08_yantar">
		<text>Yantar</text>
	</string>
	<string id="zaton">
		<text>Zaton</text>
	</string>
	<string id="y04_pole">
		<text>Meadow</text>
	</string>

	<!-- Level Changers -->
	<string id="mar_space_restrictor_to_agroprom_descr">
		<text>to Agroprom</text>
	</string>
	<string id="space_restrictor_to_agr_ug_desc">
		<text>to the Agroprom underground</text>
	</string>
	<string id="space_restrictor_to_military_desc">
		<text>to the army warehouses</text>
	</string>
	<string id="gen_space_restrictor_to_aes2_descr">
		<text>to Chernobyl NPP</text>
	</string>
	<string id="ds_space_restrictor_to_escape_descr">
		<text>to the Cordon</text>
	</string>
	<string id="esc_space_restrictor_to_darkscape_descr">
		<text>to the Darkscape</text>
	</string>
	<string id="ds_space_restrictor_to_darkvalley_desc">
		<text>to the Dark Valley</text>
	</string>
	<string id="space_restrictor_to_deadcity_desc">
		<text>to the Dead City</text>
	</string>
	<string id="space_restrictor_to_hospital">
		<text>to the deserted hospital</text>
	</string>
	<string id="esc_space_restrictor_to_garbage_descr">
		<text>to the Garbage</text>
	</string>
	<string id="aes2_space_restrictor_to_gen_descr">
		<text>to the Generators</text>
	</string>
	<string id="mar_teleport_from_base_to_north_descr">
		<text>to the Great Swamps</text>
	</string>
	<string id="space_restrictor_to_jupiter_desc">
		<text>to Jupiter</text>
	</string>
	<string id="space_restrictor_to_jupiter_ug_desc">
		<text>to the Jupiter Underground</text>
	</string>
	<string id="space_restrictor_to_labx16_desc">
		<text>to laboratory X16</text>
	</string>
	<string id="space_restrictor_to_labx18_desc">
		<text>to laboratory X18</text>
	</string>
	<string id="space_restrictor_to_labx10_desc">
		<text>to laboratory X19</text>
	</string>
	<string id="space_restrictor_to_labx8_desc">
		<text>to laboratory X8</text>
	</string>
	<string id="space_restrictor_to_limansk_desc">
		<text>to Limansk</text>
	</string>
	<string id="space_restrictor_to_secret_lab_desc">
		<text>to the Monolith control center</text>
	</string>
	<string id="space_restrictor_to_warlab_desc">
		<text>to the Monolith war lab</text>
	</string>
	<string id="space_restrictor_to_cop_pripyat_desc">
		<text>to the outskirts</text>
	</string>
	<string id="space_restrictor_to_pripyat_desc">
		<text>to Pripyat</text>
	</string>
	<string id="space_restrictor_to_radar_desc">
		<text>to the Radar</text>
	</string>
	<string id="mil_space_restrictor_to_red_1_descr">
		<text>to the Red Forest</text>
	</string>
	<string id="space_restrictor_to_bar_desc">
		<text>to Rostok</text>
	</string>
	<string id="space_restrictor_to_sarcophagus_desc">
		<text>to the sarcophagus</text>
	</string>
	<string id="space_restrictor_to_tc_desc">
		<text>to the truck cemetery</text>
	</string>
	<string id="space_restrictor_to_rostok_desc">
		<text>to the Wild Territory</text>
	</string>
	<string id="space_restrictor_to_yantar_desc">
		<text>to Yantar</text>
	</string>
	<string id="space_restrictor_to_zaton_desc">
		<text>to Zaton</text>
	</string>
	<string id="pol_space_restrictor_to_esc_1_descr">
		<text>to Cordon</text>
	</string>
	<string id="pol_space_restrictor_to_val_1_descr">
		<text>to the Dark Valley</text>
	</string>
	<string id="esc_space_restrictor_to_pol_1_descr">
		<text>to the Meadow</text>
	</string>
	<string id="val_space_restrictor_to_pole_1_descr">
		<text>to the Meadow</text>
	</string>
</string_table>
