<?xml version="1.0" encoding="windows-1251"?>

<!--===========================================================
<
< TEXT  STRINGS FOR TASKS ON MARSH (SWAMPS) MAP
<	CoC 1.4.10 - DoctorX Questlines 1.6
<
<	Modified by: DoctorX
<	Last revised: October 14, 2016
<
<===========================================================-->
<string_table>


	<!-- /////////////////////////////////////////////////////////////////////////////////////////////
	<!--
	<!-- STORYLINE TASK TEXT  STRINGS
	<!--
	<!--	Modified by DoctorX
	<!--	for DoctorX Questlines 1.6
	<!--	October 14, 2016
	<!--
	<!-- ----------------------------------------------------------------------------------------- -->

	<!-- ----------------------------------------------------------------------------------------- -->
	<!-- Cold (Clear Sky Honcho) Default Storyline Task -->

	<string id="drx_sl_mar_smart_terrain_base_stalker_leader_marsh_default_task_name">
		<text>Get Next Task</text>
	</string>
	<string id="drx_sl_mar_smart_terrain_base_stalker_leader_marsh_default_task_text">
		<text>Receive your next task.</text>
	</string>
	<string id="drx_sl_mar_smart_terrain_base_stalker_leader_marsh_default_task_about">
		<text>Yes, there is a friend of mine who needs your help. Go see him.</text>
	</string>
	<string id="drx_sl_mar_smart_terrain_base_stalker_leader_marsh_default_task_finish">
		<text>Good luck stalker.</text>
	</string>

	<!-- ----------------------------------------------------------------------------------------- -->
	<!-- Cold (Clear Sky Honcho) Covert Agent Storyline Task -->

	<string id="drx_sl_mar_smart_terrain_base_stalker_leader_marsh_task_1_name">
		<text>Covert Agent</text>
	</string>
	<string id="drx_sl_mar_smart_terrain_base_stalker_leader_marsh_task_1_text">
		<text>Retrieve documents left by a Clear Sky operative and return them to Lebdev.</text>
	</string>
	<string id="drx_sl_mar_smart_terrain_base_stalker_leader_marsh_task_1_about">
		<text>One of my operatives has left some documents for me at an unmarked drop point. I want you to retrieve them for me. Don't let anyone follow you. If you see someone tailing you, kill them immediately.</text>
	</string>
	<string id="drx_sl_mar_smart_terrain_base_stalker_leader_marsh_task_1_finish">
		<text>You weren't followed here were you? Good work.</text>
	</string>

	<!-- ----------------------------------------------------------------------------------------- -->
	<!-- Cold (Clear Sky Honcho) Protect Clear Sky Base Storyline Task -->

	<string id="drx_sl_mar_smart_terrain_base_stalker_leader_marsh_task_2_name">
		<text>Protect Clear Sky Base</text>
	</string>
	<string id="drx_sl_mar_smart_terrain_base_stalker_leader_marsh_task_2_text">
		<text>Remove any hostile forces in the area to prevent them from discovering Clear Sky base.</text>
	</string>
	<string id="drx_sl_mar_smart_terrain_base_stalker_leader_marsh_task_2_about">
		<text>There has been an increase of activity in the swamp. I can't risk having anyone blunder into our base. I want you to clear the area of anyone hostile to Clear Sky.</text>
	</string>
	<string id="drx_sl_mar_smart_terrain_base_stalker_leader_marsh_task_2_finish">
		<text>You have done well. Thank you stalker.</text>
	</string>

	<!-- ----------------------------------------------------------------------------------------- -->
	<!-- Cold (Clear Sky Honcho) Find Artefact Storyline Task -->

	<string id="drx_sl_mar_smart_terrain_base_stalker_leader_marsh_task_3_name">
		<text>Find a "%s" artefact for Cold</text>
	</string>
	<string id="drx_sl_mar_smart_terrain_base_stalker_leader_marsh_task_3_text">
		<text>Cold needs the %s artefact.</text>
	</string>
	<string id="drx_sl_mar_smart_terrain_base_stalker_leader_marsh_task_3_about">
		<text>Stalker, I need you to bring me an artefact.</text>
	</string>
	<string id="drx_sl_mar_smart_terrain_base_stalker_leader_marsh_task_3_fetch_about">
		<text>Find me a "%s" artefact. I must procure one for study. I believe there are properties to it that are yet undiscovered.</text>
	</string>
	<string id="drx_sl_mar_smart_terrain_base_stalker_leader_marsh_task_3_fetch_finish">
		<text>Ah, wonderful, you found one. You have done well.</text>
	</string>

	<!-- ----------------------------------------------------------------------------------------- -->
	<!-- Cold (Clear Sky Honcho) Search Agroprom Underground Storyline Task -->

	<string id="drx_sl_mar_smart_terrain_base_stalker_leader_marsh_task_4_name">
		<text>Search Agroprom Underground</text>
	</string>
	<string id="drx_sl_mar_smart_terrain_base_stalker_leader_marsh_task_4_text">
		<text>Stolen Military documents are stashed in the tunnels below Agroprom. Find them and return them to Cold.</text>
	</string>
	<string id="drx_sl_mar_smart_terrain_base_stalker_leader_marsh_task_4_about">
		<text>One of our agents has managed to capture important document from the Military but he was killed before he could bring them back. They are currently hidden in the tunnels below Agroprom. I need you to covertly infiltrate the area and find them before the Military does. Return them here at once when you have found them. Good luck to you.</text>
	</string>
	<string id="drx_sl_mar_smart_terrain_base_stalker_leader_marsh_task_4_finish">
		<text>Excellent work. You have done well.</text>
	</string>
	
	<!-- ----------------------------------------------------------------------------------------- -->
	<!-- Cold (Clear Sky Honcho) Blood Red Sky Storyline Task -->

	<string id="drx_sl_mar_smart_terrain_base_stalker_leader_marsh_task_5_name">
		<text>Blood Red Sky</text>
	</string>
	<string id="drx_sl_mar_smart_terrain_base_stalker_leader_marsh_task_5_text">
		<text>Kick the Renegades out of the Swamps.</text>
	</string>
	<string id="drx_sl_mar_smart_terrain_base_stalker_leader_marsh_task_5_about">
		<text>So you made it. Good, we are in deep trouble. The Renegades are lurking again in the Swamps. I guess we are not the only ones who made it back after all these damn years. A group of our brave guards will join your company, we must fight them back. Good luck, stalker.</text>
	</string>
	<string id="drx_sl_mar_smart_terrain_base_stalker_leader_marsh_task_5_finish">
		<text>Ah, what a relief! You are a brave stalker. You have my thanks.</text>
	</string>

	<!-- ----------------------------------------------------------------------------------------- -->
	<!-- Librarian (Clear Sky Trader) Default Storyline Task -->

	<string id="drx_sl_mar_base_stalker_barmen_default_task_name">
		<text>Get Next Task</text>
	</string>
	<string id="drx_sl_mar_base_stalker_barmen_default_task_text">
		<text>Receive your next task.</text>
	</string>
	<string id="drx_sl_mar_base_stalker_barmen_default_task_about">
		<text>I know of someone who could use your services. Go see him, he is known to pay well.</text>
	</string>
	<string id="drx_sl_mar_base_stalker_barmen_default_task_finish">
		<text>Good luck stalker.</text>
	</string>

	<!-- ----------------------------------------------------------------------------------------- -->
	<!-- Librarian (Clear Sky Trader) Clear Out Mutant Lair Storyline Task -->

	<string id="drx_sl_mar_base_stalker_barmen_task_1_name">
		<text>Clear Out Mutant Lair for Librarian</text>
	</string>
	<string id="drx_sl_mar_base_stalker_barmen_task_1_text">
		<text>Librarian knows of a mutant lair in the area he would like cleared out.</text>
	</string>
	<string id="drx_sl_mar_base_stalker_barmen_task_1_about">
		<text>There's a mutant lair not too far from here. Go poke it with a stick.</text>
	</string>
	<string id="drx_sl_mar_base_stalker_barmen_task_1_finish">
		<text>Heh, nice job. Here's something for your trouble.</text>
	</string>

	<!-- ----------------------------------------------------------------------------------------- -->
	<!-- Librarian (Clear Sky Trader) Procure Supplies Storyline Task -->

	<string id="drx_sl_mar_base_stalker_barmen_task_2_name">
		<text>Procure %s for Clear Sky</text>
	</string>
	<string id="drx_sl_mar_base_stalker_barmen_task_2_text">
		<text>Librarian has asked me to bring him %s.</text>
	</string>
	<string id="drx_sl_mar_base_stalker_barmen_task_2_about">
		<text>I could use your help. Provisions are running low and it's not easy getting resupplied down here.</text>
	</string>
	<string id="drx_sl_mar_base_stalker_barmen_task_2_fetch_about">
		<text>We need %s.</text>
	</string>
	<string id="drx_sl_mar_base_stalker_barmen_task_2_finish">
		<text>Great man, thanks.</text>
	</string>

	<!-- \\\\\\\\\\\\\\\\\\\\\\\\\\\\\\\\\\\\\\\\\\\\\\\\\\\\\\\\\\\\\\\\\\\\\\\\\\\\\\\\\\\\\\\\\ -->


	<!-- /////////////////////////////////////////////////////////////////////////////////////////////
	<!--
	<!-- CHANGE FACTIONS TASK TEXT  STRINGS
	<!--
	<!--	Modified by DoctorX
	<!--	for DoctorX Questlines 1.6
	<!--	October 14, 2016
	<!--
	<!-- ----------------------------------------------------------------------------------------- -->

	<!-- ----------------------------------------------------------------------------------------- -->
	<!-- Cold (Clear Sky Honcho) Payoff Change Factions Task -->

	<string id="drx_sl_mar_smart_terrain_base_stalker_leader_marsh_cf_task_1_name">
		<text>Initiation into Clear Sky</text>
	</string>
	<string id="drx_sl_mar_smart_terrain_base_stalker_leader_marsh_cf_task_1_text">
		<text>Cold will welcome you into Clear Sky for 15,000 RU.</text>
	</string>
	<string id="drx_sl_mar_smart_terrain_base_stalker_leader_marsh_cf_task_1_about">
		<text>Yes, we've been watching you...just the right amount of curious and adventurous. You will be a good fit for Clear Sky. However, we insist every initiate pays a 15,000 RU fee. This helps fund our research and pay our protection. What do you say?</text>
	</string>
	<string id="drx_sl_mar_smart_terrain_base_stalker_leader_marsh_cf_task_1_finish">
		<text>Good. There's lots of research to be done. Go see where you can help out.</text>
	</string>

	<!-- \\\\\\\\\\\\\\\\\\\\\\\\\\\\\\\\\\\\\\\\\\\\\\\\\\\\\\\\\\\\\\\\\\\\\\\\\\\\\\\\\\\\\\\\\ -->


	<!-- /////////////////////////////////////////////////////////////////////////////////////////////
	<!--
	<!-- DYNAMIC TASK TEXT  STRINGS
	<!--
	<!--	Modified by DoctorX
	<!--	for DoctorX Questlines 1.6
	<!--	October 07, 2016
	<!--
	<!-- ----------------------------------------------------------------------------------------- -->
	
	<!-- ----------------------------------------------------------------------------------------- -->
	<!-- Cold (Clear Sky Honcho) Decimate the Enemy Task -->
	
	<string id="mar_smart_terrain_base_stalker_leader_marsh_task_1_name">
		<text>Great Swamp Clean-up</text>
	</string>	
	<string id="mar_smart_terrain_base_stalker_leader_marsh_task_1_text">
		<text>Cold wants to root out Clear Sky's enemies from the Great Swamp. Collect %s.</text>
	</string>		
	<string id="mar_smart_terrain_base_stalker_leader_marsh_task_1_about">
		<text>At first we were almost grateful that the military barged in on our bandit clean-up. Sadly, later they set up a few permanent outposts to the north. Their patrols aren't exactly friendly to our guys either, not to mention they did a shoddy job and there's a constant trickle of bandits harassing our outposts. Show them what we're made of.</text>
	</string>		
	<string id="mar_smart_terrain_base_stalker_leader_marsh_task_1_fetch_about">
		<text>At first we were almost grateful that the military barged in on our bandit clean-up. Sadly, later they set up a few permanent outposts to the north. Their patrols aren't exactly friendly to our guys either, not to mention they did a shoddy job and there's a constant trickle of bandits harassing our outposts. Show them what we're made of. Bring me some %s as proof of a job well-done.</text>
	</string>	
	<string id="mar_smart_terrain_base_stalker_leader_marsh_task_1_fetch_finish">
		<text>Here you are, our professional hitman. I suppose those bastards will think twice before they dare visit our Swamp again. I hope. Here's your reward, by the way.</text>
	</string>
	
	<!-- ----------------------------------------------------------------------------------------- -->
	<!-- Cold (Clear Sky Honcho) Night Terror Task -->
	<string id="mar_smart_terrain_base_stalker_leader_marsh_task_2_name">
		<text>Night Terror</text>
	</string>
	<string id="mar_smart_terrain_base_stalker_leader_marsh_task_2_text">
		<text>Cold wants to eliminate a dangerous mutant which roams not far away from the Hidden Base.</text>
	</string>
	<string id="mar_smart_terrain_base_stalker_leader_marsh_task_2_about">
		<text>Mutants rarely stray close to our base. But our guys reported that the previous night some giant beast tore apart the whole team that manned the lookout tower to the north west. Four well-armed people just smeared all over the perimeter. Those weren't dogs for sure. I know you're a tough guy, so maybe you could visit the place and get rid of that nasty fucker?</text>
	</string>
	<string id="mar_smart_terrain_base_stalker_leader_marsh_task_2_finish">
		<text>Hey, great job, man! I hope this reward's good enough for you. That and the stories people'll tell.</text>
	</string>
	
	<!-- ----------------------------------------------------------------------------------------- -->
	<!-- Cold (Clear Sky Honcho) FDefend the pump station Task -->

	<string id="mar_smart_terrain_base_stalker_leader_marsh_task_4_title">
		<text>Defend the pump station</text>
	</string>
	<string id="mar_smart_terrain_base_stalker_leader_marsh_task_4_descr">
		<text>One of our patrols captured some bandits fucking around the pump station, after a good beating they confessed they're preparing an assault. We don't know when they'll hit, I already sent some guys over there but any help is welcome... and rewarded of course.</text>
	</string>
	
	<!-- ----------------------------------------------------------------------------------------- -->
	<!-- Kalancha (Clear Sky Medic) Lost to the Zone Tasks -->
	
	<string id="mar_smart_terrain_base_doctor_task_1_name">
		<text>Unnatural Selection</text>
	</string>	
	<string id="mar_smart_terrain_base_doctor_task_1_text">
		<text>Collect %s samples for Professor Kalancha.</text>
	</string>		
	<string id="mar_smart_terrain_base_doctor_task_1_about">
		<text>Mutants of the Zone have displayed numerous peculiar adaptations to its anomalous conditions. Please, collect some tissue samples for my research. They might help us persevere in this environment as well.</text>
	</string>		
	<string id="mar_smart_terrain_base_doctor_task_1_fetch_about">
		<text>Mutants of the Zone have displayed numerous peculiar adaptations to its anomalous conditions. Please, collect some tissue samples for my research. They might help us persevere in this environment as well. Collect %s samples.</text>
	</string>	
	<string id="mar_smart_terrain_base_doctor_task_1_fetch_finish">
		<text>The samples are in good condition. Very well, I will get to research immediately. Thank you.</text>
	</string>
	
	<string id="mar_smart_terrain_base_doctor_task_2_name">
		<text>Scientific Progress</text>
	</string>	
	<string id="mar_smart_terrain_base_doctor_task_2_text">
		<text>Find one "%s" artefact for Professor Kalancha.</text>
	</string>		
	<string id="mar_smart_terrain_base_doctor_task_2_about">
		<text>Artefacts may provide invaluable data for our research. However, with the many threats we face our men cannot really afford to collect them for me all that often. Could you help me?</text>
	</string>		
	<string id="mar_smart_terrain_base_doctor_task_2_fetch_about">
		<text>Artefacts may provide invaluable data for our research. However, with the many threats we face our men cannot really afford to collect them for me all that often. Could you help me? Find one "%s" artefact.</text>
	</string>	
	<string id="mar_smart_terrain_base_doctor_task_2_fetch_finish">
		<text>Even after all these years they never cease to amaze me. What a wonderful specimen. Thank you for your assistance.</text>
	</string>
	
	<string id="mar_smart_terrain_base_doctor_task_3_name">
		<text>Scarce Supplies</text>
	</string>
	<string id="mar_smart_terrain_base_doctor_task_3_text">
		<text>Professor Kalancha requires %s</text>
	</string>
	<string id="mar_smart_terrain_base_doctor_task_3_about">
		<text>You see, Spore does his best to provide supplies for us. But even after all these years we are still in a difficult situation. There is no shortage of injuries to treat but our medical supplies are limited. Please, help me supplement our stock.</text>
	</string>
	<string id="mar_smart_terrain_base_doctor_task_3_fetch_about">
		<text>You see, Spore does his best to provide supplies for us. But even after all these years we are still in a difficult situation. There is no shortage of injuries to treat but our medical supplies are limited. Please, help me supplement our stock. Procure some %s, please.</text>
	</string>
	<string id="mar_smart_terrain_base_doctor_task_3_fetch_finish">
		<text>We are all deeply indebted for your help.</text>
	</string>
	
	<string id="mar_smart_terrain_base_doctor_task_5_name">
		<text>Find %s</text>
	</string>
	<string id="mar_smart_terrain_base_doctor_task_5_text">
		<text>%s is required by Professor Kalancha to work on medical supplies. You should bring them back to him if you find any.</text>
	</string>
	<string id="mar_smart_terrain_base_doctor_task_5_about">
		<text>Maintaining what's left from medical supplies storage with this number of injuries I have to treat on daily bias is worrying. I'm gonna run out of bandages and medkits soon or later. I need you to find me one of those old drug-making kits. They will come in handy for sure.</text>
	</string>
	<string id="mar_smart_terrain_base_doctor_task_5_fetch_about">
		<text>There is. I've been looking all over for a %s. It should contain some tablets and ampoules I need to do work on medical supplies. I'll pay you for one of these kits if you can bring a full set back to me.</text>
	</string>
	<string id="mar_smart_terrain_base_doctor_task_5_fetch_finish">
		<text>Great job! I own you big time.</text>
	</string>

	<!-- ----------------------------------------------------------------------------------------- -->
	<!-- Spore (Clear Sky Trader) Deliver PDA Task -->

	<string id="mar_base_owl_stalker_trader_task_1_name">
		<text>Deliver PDA to Nimble</text>
	</string>
	<string id="mar_base_owl_stalker_trader_task_1_text">
		<text>Spore needs you to deliver an encrypted PDA to Nimble in Zaton.</text>
	</string>
	<string id="mar_base_owl_stalker_trader_task_1_about">
		<text>Okay, hotshot. Need a job? This PDA needs delivered to a dude who hangs out in Zaton; his name is Nimble. He will compensate you on delivery. Don't drop it in a puddle or some dumb shit like that... or I'll have your ass. While you're there, check out what he has to offer; he can get his hands on some nice equipment... for a price.</text>
	</string>

	<!-- DESTROY HELICOPTER FOR SPORE TASK -->
	<string id="mar_base_owl_stalker_trader_task_2_name">
		<text>Destroy the helicopter</text>
	</string>
	<string id="mar_base_owl_stalker_trader_task_2_text">
		<text>Spore is fed up and wants you to destroy the helicopter. He will offer you a discount if you follow through.</text>
	</string>
	<string id="mar_base_owl_stalker_trader_task_2_about">
		<text>That damn chopper is driving me nuts. I have bad tinnitus, and every time that fucking thing is patrolling the southern border, it makes my ears scream! Makes me want to bludgeon a baby flesh! Down the fucking thing and I'll give you a discount, please, before I get somebody killed.</text>
	</string>

	<!-- ESCORT SCIENTISTS FOR CLEAR SKY TASK -->
	<string id="mar_base_owl_stalker_trader_task_3_name">
		<text>Escort the Ecologists</text>
	</string>
	<string id="mar_base_owl_stalker_trader_task_3_text">
		<text>Clear Sky scientists have hired you to guide them to a specific location for study. Once their research has been successfully conducted, return them safely to camp; where you will be compensated.</text>
	</string>
	<string id="mar_base_owl_stalker_trader_task_3_about">
		<text>Scientists here in camp need an experienced stalker to lead them out into the field for study. Are you up for it? Your job is to keep them alive and guide them to their destination. Failure will give you a bad reputation around here.</text>
	</string>
	<string id="mar_base_owl_stalker_trader_task_3_finish">
		<text>Thank you, stalker. You may have this as payment for your services.</text>
	</string>

	<!-- HUNT MUTANTS FOR CLEAR SKY TASK -->
	<string id="mar_base_stalker_barmen_task_1_name">
		<text>Clear area of mutants</text>
	</string>
	<string id="mar_base_stalker_barmen_task_1_text">
		<text>Mutants have been spotted near this location making the area dangerous for some of the locals. You have been tasked to eliminate the mutant threat within the area. Report back to Librarian after the job is done.</text>
	</string>
	<string id="mar_base_stalker_barmen_task_1_about">
		<text>Are you an avid hunter? We've been looking for someone to keep the marshes a bit safer by clearing out mutants in areas that our faction frequents. Would you like the job?</text>
	</string>
	<string id="mar_base_stalker_barmen_task_1_finish">
		<text>Fantastic! Here is your payment. I'll make sure to pass the word around that it's safe there once again. Thank you, stalker.</text>
	</string>

	<!-- ASSAULT BANDIT CAMP FOR CLEAR SKY TASK -->
	<string id="mar_base_stalker_barmen_task_2_name">
		<text>Assault the bandit camp</text>
	</string>
	<string id="mar_base_stalker_barmen_task_2_text">
		<text>You have been tasked to eliminate the bandit threat within the area. Report back to Librarian after the job is done.</text>
	</string>
	<string id="mar_base_stalker_barmen_task_2_about">
		<text>We have a big problem with bandits in the area. Those murderous thugs have been ambushing our camps outside the main base, trying to take the territory over. It'll deny us passage through many safe routes through the marshes as long as they're in the area. We need an experienced stalker who is not afraid to get his hands dirty. Will you help us out?</text>
	</string>
	<string id="mar_base_stalker_barmen_task_2_finish">
		<text>Fantastic! Here is your payment. I'll make sure to pass the word around that it's safe there once again. Thank you, stalker.</text>
	</string>

	<!-- FIND MUTANT MEAT FOR CLEAR SKY TASK -->
	<string id="mar_base_stalker_barmen_task_3_name">
		<text>Procure %s</text>
	</string>
	<string id="mar_base_stalker_barmen_task_3_text">
		<text>Field dress freshly dead mutants to collect game meat. Then deliver %s to Librarian in the Clear Sky base camp.</text>
	</string>
	<string id="mar_base_stalker_barmen_task_3_about">
		<text>If you are good with a rifle and not afraid of a few mutants, then I have a job for you. Are you interested?</text>
	</string>
	<string id="mar_base_stalker_barmen_task_3_fetch_about">
		<text>Rations are running low, and I need to keep everyone in camp's bellies full. Some of the guys bring me back a kill or two every now and again. But it's been slow lately... So if you aren't too busy and you are out and about, I need %s. I kill and process the meat, right here in my kitchen. Keep in mind that getting the mutants all riled up makes the meat tough because of the adrenaline. Also, the lesser the bleeding, the better the meat tastes. So, just be careful with your shots, okay?</text>
	</string>
	<string id="mar_base_stalker_barmen_task_3_fetch_finish">
		<text>Great, you are a good hunter after all! I have payment for you.</text>
	</string>

	<!-- FIND LEVEL 1 TOOLS FOR NOVIKOV TASK -->
	<string id="mar_base_stalker_tech_task_1_name">
		<text>Find %s</text>
	</string>
	<string id="mar_base_stalker_tech_task_1_text">
		<text>%s are required by Novikov to install basic equipment upgrades, you should bring them back to him if you find any.</text>
	</string>
	<string id="mar_base_stalker_tech_task_1_about">
		<text>It's really hard to come by tools here in the Zone. I would be able to perform upgrades on a greater variety of equipment if I can just get my hands on some new tools. If you are interested, I will tell you what I need.</text>
	</string>
	<string id="mar_base_stalker_tech_task_1_fetch_about">
		<text>I need a set of basic tools. It should contain what I need. If you can bring some back for me, I will be grateful; I will even offer you a discount from here on out.</text>
	</string>
	<string id="mar_base_stalker_tech_task_1_fetch_finish">
		<text>Awesome, man! Here, let me throw some money at you.</text>
	</string>
	<!-- FIND LEVEL 2 TOOLS FOR NOVIKOV TASK -->
	<string id="mar_base_stalker_tech_task_2_name">
		<text>Find %s</text>
	</string>
	<string id="mar_base_stalker_tech_task_2_text">
		<text>%s are required by Novikov to install advanced equipment upgrades, you should bring them back to him if you find any.</text>
	</string>
	<string id="mar_base_stalker_tech_task_2_about">
		<text>I could really use more tools. You brought me some good shit last time but I need a higher quality set. If you are interested, I will tell you what I need.</text>
	</string>
	<string id="mar_base_stalker_tech_task_2_fetch_about">
		<text>I need a set of advanced tools. It should contain what I need. If you can bring some back for me, I will be grateful; I will even offer you a discount from here on out.</text>
	</string>
	<string id="mar_base_stalker_tech_task_2_fetch_finish">
		<text>Awesome, man! You came through for me once again! Here, let me throw some money at you.</text>
	</string>
	<!-- FIND LEVEL 3 TOOLS FOR NOVIKOV TASK -->
	<string id="mar_base_stalker_tech_task_3_name">
		<text>Find %s</text>
	</string>
	<string id="mar_base_stalker_tech_task_3_text">
		<text>%s are required by Novikov to install expert equipment upgrades, you should bring them back to him if you find any.</text>
	</string>
	<string id="mar_base_stalker_tech_task_3_about">
		<text>I could really use more tools. You brought me some good shit last time but I need a higher quality set. If you are interested, I will tell you what I need.</text>
	</string>
	<string id="mar_base_stalker_tech_task_3_fetch_about">
		<text>I need a set of expert tools. It should contain what I need. If you can bring some back for me, I will be grateful; I will even offer you a discount from here on out.</text>
	</string>
	<string id="mar_base_stalker_tech_task_3_fetch_finish">
		<text>Awesome, man! You came through for me once again! Here, let me throw some money at you.</text>
	</string>

	<!-- ESCORT SCIENTISTS DIALOGS -->
	<string id="ecolog_companion_task_1_start_dialog_1">
		<text>You are our guide? I will mark the location on your PDA. Lead the way, and we will follow. After we complete our analysis escort us back safely. Speak to me again when we return to camp.</text>
	</string>
	<string id="ecolog_companion_task_1_start_dialog_2">
		<text>Yes? We should get moving. The longer we wait around, the more dangerous it gets.</text>
	</string>
	<string id="ecolog_companion_task_1_complete">
		<text>Thank you, stalker. You did your job well. Here is your payment.</text>
	</string>
	<string id="ecolog_companion_task_1_actor_reply">
		<text>Okay.</text>
	</string>

		<!-- FIND SWAMP DOCTOR -->
	<string id="mar_doctor_task">
		<text>Mysteries of the Zone</text>
	</string>
	<string id="mar_doctor_task_0">
		<text>You came to the Zone seeking to unravel its many mysteries. A familiar face may hold the answers that you seek.</text>
	</string>

	<!-- MARSH DOCTOR STASH IN PRIPYAT -->
	<string id="cit_doctor_task">
		<text>The Hotel Polissya</text>
	</string>
	<string id="cit_doctor_task_1">
		<text>The key and coordinates the doctor gave you indicates that Strelok has hidden a stash in a room at the Hotel Polissya in Pripyat.</text>
	</string>
	<string id="cit_doctor_task_2">
		<text>You have found the hotel at the coordinates you were given. Around here somewhere should be the room matching the inscription on the key.</text>
	</string>
	<string id="cit_doctor_task_3">
		<text>A few scattered items are littered about the room left abandoned by Strelok. They should be investigated for potential clues.</text>
	</string>
	<!-- MARSH DOCTOR VISIT LABS -->
	<string id="st_main_1_search_agr_ug_name">
		<text>Investigate the Agroprom underground</text>
	</string>
	<string id="st_main_1_search_agr_ug_text">
		<text>Investigate the Agroprom underground and search for hard evidence of a conspiracy.</text>
	</string>
	<string id="st_main_2_search_labx18_name">
		<text>Investigate laboratory X18</text>
	</string>
	<string id="st_main_2_search_labx18_text">
		<text>Investigate laboratory X18 and search for hard evidence of a conspiracy.</text>
	</string>
	<string id="st_main_3_search_labx16_name">
		<text>Investigate laboratory X16</text>
	</string>
	<string id="st_main_3_search_labx16_text">
		<text>Investigate laboratory X16 and search for hard evidence of a conspiracy.</text>
	</string>
	<string id="st_main_4_search_labx10_name">
		<text>Investigate laboratory X19</text>
	</string>
	<string id="st_main_4_search_labx10_text">
		<text>Investigate laboratory X19 and search for hard evidence of a conspiracy.</text>
	</string>
	<string id="st_main_5_search_labx8_name">
		<text>Investigate laboratory X8</text>
	</string>
	<string id="st_main_5_search_labx8_text">
		<text>Investigate laboratory X8 and search for hard evidence of a conspiracy.</text>
	</string>
	<string id="st_main_6_search_jup_ug_name">
		<text>Investigate the Jupiter underground</text>
	</string>
	<string id="st_main_6_search_jup_ug_text">
		<text>Investigate the Jupiter underground and search for hard evidence of a conspiracy.</text>
	</string>
	<string id="st_main_7_search_mon_con_name">
		<text>Investigate the Chernobyl NPP</text>
	</string>
	<string id="st_main_7_search_mon_con_text">
		<text>Investigate the Chernobyl NPP and search for hard evidence of a conspiracy.</text>
	</string>
</string_table>
