<?xml version="1.0" encoding="windows-1251"?>

<!--===========================================================
<
< TEXT  STRINGS FOR TASKS ON RADAR MAP
<	CoC 1.3.11
<
<	Modified by: DoctorX
<	March 18, 2016
<
<===========================================================-->

<string_table>


	<!-- TURN OFF BRAIN SCORCHER TASK -->
	<string id="bar_radar_deactivate_name">
		<text>Disable the Brain Scorcher</text>
	</string>
	<string id="bar_radar_deactivate_text">
		<text>A resurgent Monolith have re-enabled the Brain Scorcher. Advanced psi-protective equipment is required to disable it.</text>
	</string>


</string_table>
