<?xml version="1.0" encoding="windows-1251"?>
<string_table>
	<string id="sar_monolith">
		<text>Call from the North</text>
	</string>
	<string id="sar_monolith_0">
		<text>Speak to the Wish Granter.</text>
	</string>
	<string id="sar_monolith_1">
		<text>A voice from the north has called for you. You should try to find the source.</text>
	</string>
	<string id="sar_monolith_2">
		<text>The voice calling you must be from the Wish Granter. You should be able to find it somewhere in the sarcophagus.</text>
	</string>
	<string id="sar_monolith_destroy">
		<text>A concrete tomb</text>
	</string>
	<string id="sar_monolith_destroy_0">
		<text>Find the hidden Monolith base mentioned in the manuscript and discover what it is hiding.</text>
	</string>
	<string id="sar_monolith_destroy_1">
		<text>Destroy the Wish Granter: defeat all 10 waves of projections conjured by the Wish Granter.</text>
	</string>
	<string id="sar_monolith_destroy_2">
		<text>Disable the power supply generators of the C-Consciousness pods.</text>
	</string>
	<string id="sar_monolith_destroy_3">
		<text>Deactivate the Generators.</text>
	</string>
</string_table>
