<?xml version="1.0" encoding="windows-1251"?>

<!--===========================================================
<
< TEXT  STRINGS FOR TASKS ON AGROPROM MAP
<	CoC 1.4.10 - DoctorX Questlines 1.6
<
<	Modified by: DoctorX
<	Last revised: October 14, 2016
<
<===========================================================-->

<string_table>


	<!-- /////////////////////////////////////////////////////////////////////////////////////////////
	<!--
	<!-- STORYLINE TASK TEXT  STRINGS
	<!--
	<!--	Modified by DoctorX
	<!--	for DoctorX Questlines 1.6
	<!--	October 14, 2016
	<!--
	<!-- ----------------------------------------------------------------------------------------- -->

	<!-- ----------------------------------------------------------------------------------------- -->
	<!-- Kuznetsov (Military Honcho) Default Storyline Task -->

	<string id="drx_sl_agr_smart_terrain_1_6_near_2_military_colonel_kovalski_default_task_name">
		<text>Get Next Task</text>
	</string>
	<string id="drx_sl_agr_smart_terrain_1_6_near_2_military_colonel_kovalski_default_task_text">
		<text>Receive your next task.</text>
	</string>
	<string id="drx_sl_agr_smart_terrain_1_6_near_2_military_colonel_kovalski_default_task_about">
		<text>I need you to report to someone in the field. I have marked his location on your PDA.</text>
	</string>
	<string id="drx_sl_agr_smart_terrain_1_6_near_2_military_colonel_kovalski_default_task_finish">
		<text>Good luck stalker.</text>
	</string>

	<!-- ----------------------------------------------------------------------------------------- -->
	<!-- Kuznetsov (Military Honcho) Sniper Storyline Task -->

	<string id="drx_sl_agr_smart_terrain_1_6_near_2_military_colonel_kovalski_task_1_name">
		<text>Sniper</text>
	</string>
	<string id="drx_sl_agr_smart_terrain_1_6_near_2_military_colonel_kovalski_task_1_text">
		<text>Major Kuznetsov has ordered you to eliminate a target from a distance.</text>
	</string>
	<string id="drx_sl_agr_smart_terrain_1_6_near_2_military_colonel_kovalski_task_1_about">
		<text>I have a high-value target that has been located. He is not easy to get to so I need someone who is an extremely accurate long-range precision shooter.</text>
	</string>
	<string id="drx_sl_agr_smart_terrain_1_6_near_2_military_colonel_kovalski_task_1_finish">
		<text>Excellent marksmanship. Well done.</text>
	</string>

	<!-- ----------------------------------------------------------------------------------------- -->
	<!-- Kuznetsov (Military Honcho) Assault Enemy Camp Storyline Task -->

	<string id="drx_sl_agr_smart_terrain_1_6_near_2_military_colonel_kovalski_task_2_name">
		<text>Assault Enemy Camp</text>
	</string>
	<string id="drx_sl_agr_smart_terrain_1_6_near_2_military_colonel_kovalski_task_2_text">
		<text>Lead your squad in the assault on an enemy encampment.</text>
	</string>
	<string id="drx_sl_agr_smart_terrain_1_6_near_2_military_colonel_kovalski_task_2_about">
		<text>We're preparing an assault on an enemy camp. The commander has issued everyone new weapons. I need you to be on point for the inital attack.</text>
	</string>
	<string id="drx_sl_agr_smart_terrain_1_6_near_2_military_colonel_kovalski_task_2_finish">
		<text>Excellent work. You are a fine warrior.</text>
	</string>

	<!-- ----------------------------------------------------------------------------------------- -->
	<!-- Kuznetsov (Military Honcho) Defend Military Base Storyline Task -->

	<string id="drx_sl_agr_smart_terrain_1_6_near_2_military_colonel_kovalski_task_3_name">
		<text>Defend Military Base</text>
	</string>
	<string id="drx_sl_agr_smart_terrain_1_6_near_2_military_colonel_kovalski_task_3_text">
		<text>Defend the Military base against an enemy assault.</text>
	</string>
	<string id="drx_sl_agr_smart_terrain_1_6_near_2_military_colonel_kovalski_task_3_about">
		<text>Enemy forces have been spotted in the area. The commander suspects they are plotting an assault on our base. Take your squad out and make contact. Neutralize the threat.</text>
	</string>
	<string id="drx_sl_agr_smart_terrain_1_6_near_2_military_colonel_kovalski_task_3_finish">
		<text>Excellent work. You have done well.</text>
	</string>
	
	<!-- ----------------------------------------------------------------------------------------- -->
	<!-- Kuznetsov (Military Honcho) Save the Military Agent Storyline Task -->

	<string id="drx_sl_agr_smart_terrain_1_6_near_2_military_colonel_kovalski_task_4_name">
		<text>Save the Military Agent</text>
	</string>
	<string id="drx_sl_agr_smart_terrain_1_6_near_2_military_colonel_kovalski_task_4_text">
		<text>A undercover agent needs to be extracted from a enemy faction, kill the other members of the squad and escort him back to the base. The spy has a SVD.</text>
	</string>
	<string id="drx_sl_agr_smart_terrain_1_6_near_2_military_colonel_kovalski_task_4_about">
		<text>We have an agent undercover in an enemy faction however we fear he's being suspected, he missed the last few contacts and hasn't left any more messages. Probably he's being kept under watch so he can't afford to do anything besides playing along but they may decide to get rid of him without waiting for proof, we need to pull him out. We have located him nearby but he's with other stalkers, you need to kill them and escort him back. You can recognize him by his rifle, a SVD, he will have to shoot you back when you attack the group so keep it in mind.</text>
	</string>
	<string id="drx_sl_agr_smart_terrain_1_6_near_2_military_colonel_kovalski_task_4_finish">
		<text>Excellent, I'll have him report at once.</text>
	</string>
	<string id="drx_sl_agr_smart_terrain_1_6_near_2_military_colonel_kovalski_task_4_msg_join">
		<text>Stop shooting! I'm the spy! Sorry but had to keep up the show in case you had bad luck. Let's go back to base now.</text>
	</string>
	<string id="drx_sl_agr_smart_terrain_1_6_near_2_military_colonel_kovalski_task_4_msg_leave">
		<text>This is where we part ways, see you again!</text>
	</string>

	<!-- ----------------------------------------------------------------------------------------- -->
	<!-- Kirilov (Military Mechanic) Default Storyline Task -->

	<string id="drx_sl_agr_smart_terrain_1_6_army_mechanic_stalker_default_task_name">
		<text>Get Next Task</text>
	</string>
	<string id="drx_sl_agr_smart_terrain_1_6_army_mechanic_stalker_default_task_text">
		<text>Receive your next task.</text>
	</string>
	<string id="drx_sl_agr_smart_terrain_1_6_army_mechanic_stalker_default_task_about">
		<text>One of our allies needs our help. Report to him and see what assistance you can give.</text>
	</string>
	<string id="drx_sl_agr_smart_terrain_1_6_army_mechanic_stalker_default_task_finish">
		<text>Good luck stalker.</text>
	</string>

	<!-- ----------------------------------------------------------------------------------------- -->
	<!-- Kirilov (Military Mechanic) Battle Plans Storyline Task -->

	<string id="drx_sl_agr_smart_terrain_1_6_army_mechanic_stalker_task_1_name">
		<text>Battle Plans</text>
	</string>
	<string id="drx_sl_agr_smart_terrain_1_6_army_mechanic_stalker_task_1_text">
		<text>Lieutenant Kirilov has learned the location of enemy battle plans and needs them captured.</text>
	</string>
	<string id="drx_sl_agr_smart_terrain_1_6_army_mechanic_stalker_task_1_about">
		<text>An informant has revealed the location of the enemy's battle plans. I need you to infiltrate the area and retrieve the plans.</text>
	</string>
	<string id="drx_sl_agr_smart_terrain_1_6_army_mechanic_stalker_task_1_finish">
		<text>Well done! You haved saved many lives with this.</text>
	</string>

	<!-- ----------------------------------------------------------------------------------------- -->
	<!-- Kirilov (Military Mechanic) Patrol Local Area Storyline Task -->

	<string id="drx_sl_agr_smart_terrain_1_6_army_mechanic_stalker_task_2_name">
		<text>Patrol Local Area</text>
	</string>
	<string id="drx_sl_agr_smart_terrain_1_6_army_mechanic_stalker_task_2_text">
		<text>Patrol the area around Agoroprom.</text>
	</string>
	<string id="drx_sl_agr_smart_terrain_1_6_army_mechanic_stalker_task_2_about">
		<text>It's your turn for sentry duty. Patrol the local area and keep an eye out for any unauthorized personnel.</text>
	</string>
	<string id="drx_sl_agr_smart_terrain_1_6_army_mechanic_stalker_task_2_finish">
		<text>Good work. The commander will be pleased.</text>
	</string>

	<!-- \\\\\\\\\\\\\\\\\\\\\\\\\\\\\\\\\\\\\\\\\\\\\\\\\\\\\\\\\\\\\\\\\\\\\\\\\\\\\\\\\\\\\\\\\ -->


	<!-- /////////////////////////////////////////////////////////////////////////////////////////////
	<!--
	<!-- CHANGE FACTIONS TASK TEXT  STRINGS
	<!--
	<!--	Modified by DoctorX
	<!--	for DoctorX Questlines 1.6
	<!--	October 14, 2016
	<!--
	<!-- ----------------------------------------------------------------------------------------- -->

	<!-- ----------------------------------------------------------------------------------------- -->
	<!-- Kuznetsov (Military Honcho) Payoff Change Factions Task -->

	<string id="drx_sl_agr_smart_terrain_1_6_near_2_military_colonel_kovalski_cf_task_1_name">
		<text>Becoming a Military Stalker</text>
	</string>
	<string id="drx_sl_agr_smart_terrain_1_6_near_2_military_colonel_kovalski_cf_task_1_text">
		<text>Bring 8,000 RU to Major Kuznetsov as a demonstration of your resourcefulness.</text>
	</string>
	<string id="drx_sl_agr_smart_terrain_1_6_near_2_military_colonel_kovalski_cf_task_1_about">
		<text>Ah, it's good to see some national pride among the youth of today! Let's see...well, you're way too irradiated to pass the physical exam for enlistment...I suppose you were instead thinking of getting commissioned as a Military Stalker, eh? We don't just let anyone in, you know.\n \nFirst bring 8,000 RU as proof of your ability to survive here, and then we can talk seriously about this.</text>
	</string>
	<string id="drx_sl_agr_smart_terrain_1_6_near_2_military_colonel_kovalski_cf_task_1_finish">
		<text>Hmph, and so it is. You've profited where lesser troops would've died. Consider yourself recruited, soldier. Be sure to keep your nose clean out there.</text>
	</string>

	<!-- \\\\\\\\\\\\\\\\\\\\\\\\\\\\\\\\\\\\\\\\\\\\\\\\\\\\\\\\\\\\\\\\\\\\\\\\\\\\\\\\\\\\\\\\\ -->


	<!-- /////////////////////////////////////////////////////////////////////////////////////////////
	<!--
	<!-- DYNAMIC TASK TEXT  STRINGS
	<!--
	<!--	Modified by DoctorX
	<!--	for DoctorX Questlines 1.6
	<!--	October 14, 2016
	<!--
	<!-- ----------------------------------------------------------------------------------------- -->

	<!-- ----------------------------------------------------------------------------------------- -->
	<!-- Kuznetsov (Military Honcho) Stop Unauthorized Incursions Task -->

	<string id="agr_smart_terrain_1_6_near_2_military_colonel_kovalski_task_1_name">
		<text>Stop Unauthorized Incursions</text>
	</string>
	<string id="agr_smart_terrain_1_6_near_2_military_colonel_kovalski_task_1_text">
		<text>You have been assigned to lead an assault to clear out any unauthorized individuals.</text>
	</string>
	<string id="agr_smart_terrain_1_6_near_2_military_colonel_kovalski_task_1_about">
		<text>HQ is concerned about the rising number of incursions into the Zone. I want you to take a squad and sweep the local area for unauthorized personnel. Keep alert for any friendlies, but anyone else you see you are cleared to shoot on sight.</text>
	</string>
	<string id="agr_smart_terrain_1_6_near_2_military_colonel_kovalski_task_1_finish">
		<text>Great job. Keep it up you'll be in line for a commendation.</text>
	</string>

	<!-- ----------------------------------------------------------------------------------------- -->
	<!-- Kuznetsov (Military Honcho) Capture Territory Task -->

	<string id="agr_smart_terrain_1_6_near_2_military_colonel_kovalski_task_2_name">
		<text>Capture Territory for Kuznetsov</text>
	</string>
	<string id="agr_smart_terrain_1_6_near_2_military_colonel_kovalski_task_2_text">
		<text>You have been ordered to capture territory within the Zone.</text>
	</string>
	<string id="agr_smart_terrain_1_6_near_2_military_colonel_kovalski_task_2_about">
		<text>Our unit has been tasked with pushing further into the Zone. The commander is looking for volunteers to capture territory for us. Can I inform him of your cooperation?</text>
	</string>
	<string id="agr_smart_terrain_1_6_near_2_military_colonel_kovalski_task_2_finish">
		<text>The task is done? Good job. I'll inform the commander right away of your success.</text>
	</string>

	<!-- ----------------------------------------------------------------------------------------- -->
	<!-- Kuznetsov (Military Honcho) Capture Enemy Combatant Task -->

	<string id="agr_smart_terrain_1_6_near_2_military_colonel_kovalski_task_3_name">
		<text>Capture Enemy Combatant</text>
	</string>
	<string id="agr_smart_terrain_1_6_near_2_military_colonel_kovalski_task_3_text">
		<text>You have been assigned a hostile target to capture or kill.</text>
	</string>
	<string id="agr_smart_terrain_1_6_near_2_military_colonel_kovalski_task_3_about">
		<text>HQ has a list of of most wanted individuals in the Zone. If you can get to any of them, there will be a bonus in your next paycheck. Are you up for the job?</text>
	</string>
	<string id="agr_smart_terrain_1_6_near_2_military_colonel_kovalski_task_3_finish">
		<text>Outstanding work! The commander will be pleased.</text>
	</string>

	<!-- ----------------------------------------------------------------------------------------- -->
	<!-- Kuznetsov (Military Honcho) Tight Security Task -->
	<string id="agr_smart_terrain_1_6_near_2_military_colonel_kovalski_task_4_name">
		<text>Tight Security</text>
	</string>
	<string id="agr_smart_terrain_1_6_near_2_military_colonel_kovalski_task_4_text">
		<text>Kuznetsov wants to collect some %s.</text>
	</string>
	<string id="agr_smart_terrain_1_6_near_2_military_colonel_kovalski_task_4_about">
		<text>Listen, soldier. The higher-ups want proof that we firmly control the area. That's rather difficult to claim with all the stalkers roaming about. Fortunately, the higher-ups won't check on that personally. As such, I want you to collect some patches that I will show them as proof we've secured the perimeter. Understood?</text>
	</string>
	<string id="agr_smart_terrain_1_6_near_2_military_colonel_kovalski_task_4_fetch_about">
		<text>Listen, soldier. The higher-ups want proof that we firmly control the area. That's rather difficult to claim with all the stalkers roaming about. Fortunately, the higher-ups won't check on that personally. As such, I want you to collect some patches that I will show them as proof we've secured the perimeter. Understood? Bring me some %s and I'll reward your reliability.</text>
	</string>
	<string id="agr_smart_terrain_1_6_near_2_military_colonel_kovalski_task_4_fetch_finish">
		<text>Well done, soldier. Here's your bonus.</text>
	</string>
	
	<string id="agr_smart_terrain_1_6_near_2_military_colonel_kovalski_task_5_name">
		<text>Recover Important Documents</text>
	</string>
	<string id="agr_smart_terrain_1_6_near_2_military_colonel_kovalski_task_5_text">
		<text>Recover important documents and bring them back to Major.</text>
	</string>
	<string id="agr_smart_terrain_1_6_near_2_military_colonel_kovalski_task_5_about">
		<text>Listen, soldier. Some stalker stole important documents from one of our outposts. I want you to recover them immediately.</text>
	</string>
	<string id="agr_smart_terrain_1_6_near_2_military_colonel_kovalski_task_5_finish">
		<text>Excellent job, soldier. We really don't want them to know too much.</text>
	</string>
	
	<!-- \\\\\\\\\\\\\\\\\\\\\\\\\\\\\\\\\\\\\\\\\\\\\\\\\\\\\\\\\\\\\\\\\\\\\\\\\\\\\\\\\\\\\\\\\ -->


	<!-- /////////////////////////////////////////////////////////////////////////////////////////////
	<!--
	<!-- MECHANIC TASK TEXT  STRINGS
	<!--
	<!--	Modified by DoctorX
	<!--	for DoctorX Questlines 1.6
	<!--	October 06, 2016
	<!--
	<!-- ----------------------------------------------------------------------------------------- -->

	<!-- ----------------------------------------------------------------------------------------- -->
	<!-- Kirilov (Military Mechanic) Find Level 1 Toolkit Task -->

	<string id="agr_smart_terrain_1_6_army_mechanic_stalker_task_1_name">
		<text>Find %s for Kirilov</text>
	</string>
	<string id="agr_smart_terrain_1_6_army_mechanic_stalker_task_1_text">
		<text>%s are required by Kirilov to install basic equipment upgrades, you should bring them back to him if you find any.</text>
	</string>
	<string id="agr_smart_terrain_1_6_army_mechanic_stalker_task_1_about">
		<text>Hey, can I ask you a favour? If you are interested in helping me out, I will tell you what I need.</text>
	</string>
	<string id="agr_smart_terrain_1_6_army_mechanic_stalker_task_1_fetch_about">
		<text>I need a set of basic tools. It should contain what I need. If you can bring some back for me I will be grateful, I will even offer you a discount from here on out.</text>
	</string>
	<string id="agr_smart_terrain_1_6_army_mechanic_stalker_task_1_fetch_finish">
		<text>Great! You brought exactly what I've asked. Thanks.</text>
	</string>



	<string id="agr_smart_terrain_1_6_army_mechanic_stalker_task_2_name">
		<text>Find %s for Kirilov</text>
	</string>
	<string id="agr_smart_terrain_1_6_army_mechanic_stalker_task_2_text">
		<text>%s are required by Kirilov to install advanced equipment upgrades, you should bring them back to him if you find any.</text>
	</string>
	<string id="agr_smart_terrain_1_6_army_mechanic_stalker_task_2_about">
		<text>Alright, If you are up for it, I need more tools. But they may be a bit harder to find. Can you do this for me?</text>
	</string>
	<string id="agr_smart_terrain_1_6_army_mechanic_stalker_task_2_fetch_about">
		<text>I need a set of advanced tools. It should contain what I need. If you can bring some back for me I will be grateful, I will even offer you a discount from here on out.</text>
	</string>
	<string id="agr_smart_terrain_1_6_army_mechanic_stalker_task_2_fetch_finish">
		<text>Great! Come back any time if you need me to take a look at your gear.</text>
	</string>



	<string id="agr_smart_terrain_1_6_army_mechanic_stalker_task_3_name">
		<text>Find %s for Kirilov</text>
	</string>
	<string id="agr_smart_terrain_1_6_army_mechanic_stalker_task_3_text">
		<text>%s are required by Kirilov to install expert equipment upgrades, you should bring them back to him if you find any.</text>
	</string>
	<string id="agr_smart_terrain_1_6_army_mechanic_stalker_task_3_about">
		<text>Alright, If you are up for it, I need more tools. But they may be a bit harder to find. Can you do this for me?</text>
	</string>
	<string id="agr_smart_terrain_1_6_army_mechanic_stalker_task_3_fetch_about">
		<text>I need a set of expert tools. It should contain what I need. If you can bring some back for me I will be grateful, I will even offer you a discount from here on out.</text>
	</string>
	<string id="agr_smart_terrain_1_6_army_mechanic_stalker_task_3_fetch_finish">
		<text>Great! Come back any time if you need me to take a look at your gear.</text>
	</string>


<!-- (Military Medic) -->
	<string id="agr_1_6_medic_army_mlr_task_1_name">
		<text>Find %s</text>
	</string>
	<string id="agr_1_6_medic_army_mlr_task_1_text">
		<text>%s is required by Rogovets to work on medical supplies. You should bring them back to him if you find any.</text>
	</string>
	<string id="agr_1_6_medic_army_mlr_task_1_about">
		<text>Maintaining what's left from medical supplies storage with this number of injuries I have to treat on daily bias is worrying. I'm gonna run out of bandages and medkits soon or later. I need you to find me one of those old drug-making kits. They will come in handy for sure.</text>
	</string>
	<string id="agr_1_6_medic_army_mlr_task_1_fetch_about">
		<text>There is. I've been looking all over for a %s. It should contain some tablets and ampoules I need to do work on medical supplies. I'll pay you for one of these kits if you can bring a full set back to me.</text>
	</string>
	<string id="agr_1_6_medic_army_mlr_task_1_fetch_finish">
		<text>Great job! I own you big time.</text>
	</string>
</string_table>
