<?xml version="1.0" encoding="windows-1251"?>

<!--===========================================================
<
< TEXT  STRINGS FOR TASKS ON JUPITER (YANOV) MAP
<	CoC 1.4.08 - DoctorX Questlines 1.6
<
<	Modified by: DoctorX
<	Last revised: October 07, 2016
<
<===========================================================-->

<string_table>


	<!-- /////////////////////////////////////////////////////////////////////////////////////////////
	<!--
	<!-- STORYLINE TASK TEXT  STRINGS
	<!--
	<!--	Modified by DoctorX
	<!--	for DoctorX Questlines 1.6
	<!--	October 07, 2016
	<!--
	<!-- ----------------------------------------------------------------------------------------- -->

	<!-- ----------------------------------------------------------------------------------------- -->
	<!-- Tukarev  (Ecologist Mechanic) Default Storyline Task -->

	<string id="drx_sl_jup_b6_scientist_tech_default_task_name">
		<text>Get Next Task</text>
	</string>
	<string id="drx_sl_jup_b6_scientist_tech_default_task_text">
		<text>Receive your next task.</text>
	</string>
	<string id="drx_sl_jup_b6_scientist_tech_default_task_about">
		<text>Yes, a colleague of mine is in need of your assistance.</text>
	</string>
	<string id="drx_sl_jup_b6_scientist_tech_default_task_finish">
		<text>Good luck stalker.</text>
	</string>

	<!-- ----------------------------------------------------------------------------------------- -->
	<!-- Tukarev  (Ecologist Mechanic) Mutant Tissue Experiment Storyline Task -->

	<string id="drx_sl_jup_b6_scientist_tech_task_1_name">
		<text>Tukarev %s Experiment</text>
	</string>
	<string id="drx_sl_jup_b6_scientist_tech_task_1_text">
		<text>Harvest a %s and return it to Tukarev.</text>
	</string>
	<string id="drx_sl_jup_b6_scientist_tech_task_1_about">
		<text>I need to perform an experiment on a particular mutant. I need you to hunt one down for me.</text>
	</string>
	<string id="drx_sl_jup_b6_scientist_tech_task_1_fetch_about">
		<text>Find me a %s. I will reward you well if you succeed.</text>
	</string>
	<string id="drx_sl_jup_b6_scientist_tech_task_1_fetch_finish">
		<text>You have done well. This is exactly what I needed. Take this as your reward.</text>
	</string>

	<!-- ----------------------------------------------------------------------------------------- -->
	<!-- Tukarev  (Ecologist Mechanic) Find Missing Scientist Storyline Task -->

	<string id="drx_sl_jup_b6_scientist_tech_task_2_name">
		<text>Find Missing Scientist</text>
	</string>
	<string id="drx_sl_jup_b6_scientist_tech_task_2_text">
		<text>Search for the missing scientist.</text>
	</string>
	<string id="drx_sl_jup_b6_scientist_tech_task_2_about">
		<text>One of my scientists is missing. He went out on a research expedition and never returned. Here is the area he was researching, search there and see if you can find him.</text>
	</string>
	<string id="drx_sl_jup_b6_scientist_tech_task_2_finish">
		<text>Thank you stalker.</text>
	</string>

	<!-- ----------------------------------------------------------------------------------------- -->
	<!-- Tukarev  (Ecologist Mechanic) Recover Stolen PDA Storyline Task -->

	<string id="drx_sl_jup_b6_scientist_tech_task_3_name">
		<text>Recover Stolen PDA for Tukarev</text>
	</string>
	<string id="drx_sl_jup_b6_scientist_tech_task_3_text">
		<text>Tukarev had a PDA stolen that contained important research. Find it and return it to him.</text>
	</string>
	<string id="drx_sl_jup_b6_scientist_tech_task_3_about">
		<text>Bandits broke into one of our mobile labs and looted it. One of the things they took was a PDA that has some research data on it that is very important. I have received a tip as to where they might have stashed it. Check it out. If you find the PDA I will reward you for its return.</text>
	</string>
	<string id="drx_sl_jup_b6_scientist_tech_task_3_finish">
		<text>Excellent! You have done well.</text>
	</string>

	<!-- ----------------------------------------------------------------------------------------- -->
	<!-- Tukarev  (Ecologist Mechanic) Search Jupiter Underground Storyline Task -->

	<string id="drx_sl_jup_b6_scientist_tech_task_4_name">
		<text>Search Jupiter Underground</text>
	</string>
	<string id="drx_sl_jup_b6_scientist_tech_task_4_text">
		<text>Recover the research documents lost in Jupiter Underground.</text>
	</string>
	<string id="drx_sl_jup_b6_scientist_tech_task_4_about">
		<text>One of our top scientists was killed in the underground passage while making his way back from Pripyat. He was carrying some important research with him. I need you to find it and bring it to me.</text>
	</string>
	<string id="drx_sl_jup_b6_scientist_tech_task_4_finish">
		<text>Excellent work. You have done well.</text>
	</string>

	<!-- ----------------------------------------------------------------------------------------- -->
	<!-- Loki  (Freedom Honcho) Default Storyline Task -->

	<string id="drx_sl_jup_a6_freedom_leader_default_task_name">
		<text>Get Next Task</text>
	</string>
	<string id="drx_sl_jup_a6_freedom_leader_default_task_text">
		<text>Receive your next task.</text>
	</string>
	<string id="drx_sl_jup_a6_freedom_leader_default_task_about">
		<text>I need you to pay a visit to a stalker. Ask what you can do for him. He will pay you well.</text>
	</string>
	<string id="drx_sl_jup_a6_freedom_leader_default_task_finish">
		<text>Good luck stalker.</text>
	</string>

	<!-- ----------------------------------------------------------------------------------------- -->
	<!-- Loki  (Freedom Honcho) Arms Dealer Storyline Task -->

	<string id="drx_sl_jup_a6_freedom_leader_task_1_name">
		<text>%s Arms Dealer</text>
	</string>
	<string id="drx_sl_jup_a6_freedom_leader_task_1_text">
		<text>Loki needs %s delivered to him.</text>
	</string>
	<string id="drx_sl_jup_a6_freedom_leader_task_1_about">
		<text>Freedom is having a difficult time maintaining a foot hold up here. I need weapons. Lots of them.</text>
	</string>
	<string id="drx_sl_jup_a6_freedom_leader_task_1_fetch_about">
		<text>I need a few %ss. If you can find a way to get them up here past the Brain Scorcher I will be willing to pay.</text>
	</string>
	<string id="drx_sl_jup_a6_freedom_leader_task_1_fetch_finish">
		<text>You have done well. The more rifles I have the better I sleep. Take this payment.</text>
	</string>

	<!-- ----------------------------------------------------------------------------------------- -->
	<!-- Loki  (Freedom Honcho) Clear Monolith Beachhead Storyline Task -->

	<string id="drx_sl_jup_a6_freedom_leader_task_2_name">
		<text>Clear the Monolith Beachhead</text>
	</string>
	<string id="drx_sl_jup_a6_freedom_leader_task_2_text">
		<text>Clear the designated area of any Monolith fighters in preparation for Freedom's main assault.</text>
	</string>
	<string id="drx_sl_jup_a6_freedom_leader_task_2_about">
		<text>We are preparing an invasion of Monolith territory. I want you to clear an area for us so our main assault force can move in.</text>
	</string>
	<string id="drx_sl_jup_a6_freedom_leader_task_2_finish">
		<text>Well done! Now we can begin our invasion! Well, not now, later today... maybe tomorrow. Anyway, thanks bro.</text>
	</string>

	<!-- ----------------------------------------------------------------------------------------- -->
	<!-- Loki  (Freedom Honcho) Hunt Artefact Storyline Task -->

	<string id="drx_sl_jup_a6_freedom_leader_task_3_name">
		<text>Hunt for "%s" artefact for Loki</text>
	</string>
	<string id="drx_sl_jup_a6_freedom_leader_task_3_text">
		<text>Loki has requested a %s to protect one of his men.</text>
	</string>
	<string id="drx_sl_jup_a6_freedom_leader_task_3_about">
		<text>I'm sending one of the boys on a mission that will require him to have more protection than our best suits can offer. I need a particular artefact to protect him.</text>
	</string>
	<string id="drx_sl_jup_a6_freedom_leader_task_3_fetch_about">
		<text>Bring me a "%s" artefact. If you can find one I will compensate you well for it.</text>
	</string>
	<string id="drx_sl_jup_a6_freedom_leader_task_3_fetch_finish">
		<text>Ah, perfect. Good job bro.</text>
	</string>

	<!-- ----------------------------------------------------------------------------------------- -->
	<!-- Loki  (Freedom Honcho) Search Monolith Control Center (Chernobyl) Storyline Task -->

	<string id="drx_sl_jup_a6_freedom_leader_task_4_name">
		<text>Search Monolith Control Center</text>
	</string>
	<string id="drx_sl_jup_a6_freedom_leader_task_4_text">
		<text>Search the secret lab within Chernobyl NPP for documents relating to a prototype weapon.</text>
	</string>
	<string id="drx_sl_jup_a6_freedom_leader_task_4_about">
		<text>There are rumors that plans for a new weapon exist inside a secret lab within Chernobyl NPP. We must retrieve them from the Monolith if we are to stand a chance against them. I know how grave the risks are, but if you are willing to capture the documents I will reward you well.</text>
	</string>
	<string id="drx_sl_jup_a6_freedom_leader_task_4_finish">
		<text>Excellent work. You have done well.</text>
	</string>


	<!-- Klenov (Bandit Trader) Default Storyline Task -->

	<string id="drx_sl_jup_cont_trader_bandit_default_task_name">
		<text>Get Next Task</text>
	</string>
	<string id="drx_sl_jup_cont_trader_bandit_default_task_text">
		<text>Receive your next task.</text>
	</string>
	<string id="drx_sl_jup_cont_trader_bandit_default_task_about">
		<text>Someone has a job for you. You're going to see him and do what he says. Got it?</text>
	</string>
	<string id="drx_sl_jup_cont_trader_bandit_default_task_finish">
		<text>Good luck.</text>
	</string>
	

	<!-- Klenov (Bandit Trader) Retrieve Weapons Shipment Storyline Task -->

	<string id="drx_sl_jup_cont_trader_bandit_task_1_name">
		<text>Retrieve Weapons Shipment</text>
	</string>
	<string id="drx_sl_jup_cont_trader_bandit_task_1_text">
		<text>Klenov tasked you to find and bring the weapons shipment to the Container Warehouse in Jupiter.</text>
	</string>
	<string id="drx_sl_jup_cont_trader_bandit_task_1_about">
		<text>We were supposed to get a shipment of weapons today, but Sultan's men hid it thanks to a military patrol. The location should be clear now, go get it.</text>
	</string>
	<string id="drx_sl_jup_cont_trader_bandit_task_1_finish">
		<text>You're a reliable man. Good job!</text>
	</string>
	

	<!-- Klenov (Bandit Trader) Kill the Enemy Scout Storyline Task -->

	<string id="drx_sl_jup_cont_trader_bandit_task_2_name">
		<text>Kill the Enemy Scout</text>
	</string>
	<string id="drx_sl_jup_cont_trader_bandit_task_2_text">
		<text>You've been tasked by Klenov to find and kill the enemy scout at any cost.</text>
	</string>
	<string id="drx_sl_jup_cont_trader_bandit_task_2_about">
		<text>One of the enemy scouts informed a group of stalkers about the raid we were preparing. The result? three dead men. We can't risk another failure, so I want you to find and kill that fucker</text>
	</string>
	<string id="drx_sl_jup_cont_trader_bandit_task_2_finish">
		<text>Finally! Now we can prepare for our next hit. Here's your reward.</text>
	</string>
	

	<!-- Klenov (Bandit Trader) Escort the Bandits Spy Storyline Task -->

	<string id="drx_sl_jup_cont_trader_bandit_task_3_name">
		<text>Escort the Bandit Spy</text>
	</string>
	<string id="drx_sl_jup_cont_trader_bandit_task_3_text">
		<text>A undercover bandit needs to be extracted from the enemy troops, kill the other members of the squad and escort him back to the Klenov. The spy has a SVD.</text>
	</string>
	<string id="drx_sl_jup_cont_trader_bandit_task_3_about">
		<text>Listen up. We have a source among the enemy troops. He has been informing us about their movement for a while now. However, nothing has been heard from him lately. He must have gone through some deep shit lately. Someone might blow his disguise up if we don't save his sorry ass soon.
		\nI need you to bring him back in one piece. Keep in mind that he's with other stalkers, you need to kill them first. You can recognize him by his rifle, a SVD, he will have to shoot you back when you attack the group so keep it in mind. Now go!</text>
	</string>
	<string id="drx_sl_jup_cont_trader_bandit_task_3_finish">
		<text>You both came back in one piece after all, heh? Just kidding. Take your money.</text>
	</string>
	<string id="drx_sl_jup_cont_trader_bandit_task_3_msg_join">
		<text>FUCK... Don't shoot! DON'T SHOOT! They are all dead! Let's get the fuck out and head back to Klenov. Come on, man...</text>
	</string>
	<string id="drx_sl_jup_cont_trader_bandit_task_3_msg_leave">
		<text>We made it... fucking hell! Thanks buddy, I will go now.</text>
	</string>
	
	<!-- \\\\\\\\\\\\\\\\\\\\\\\\\\\\\\\\\\\\\\\\\\\\\\\\\\\\\\\\\\\\\\\\\\\\\\\\\\\\\\\\\\\\\\\\\ -->


	<!-- /////////////////////////////////////////////////////////////////////////////////////////////
	<!--
	<!-- DYNAMIC TASK TEXT  STRINGS
	<!--
	<!--	Modified by DoctorX
	<!--	for DoctorX Questlines 1.6
	<!--	October 07, 2016
	<!--
	<!-- ----------------------------------------------------------------------------------------- -->

	<!-- ----------------------------------------------------------------------------------------- -->
	<!-- Tukarev (Ecog Mechanic) Escort Jupiter Scientists Task -->

	<string id="jup_b6_scientist_tech_task_1_name">
		<text>Escort the Ecologists</text>
	</string>
	<string id="jup_b6_scientist_tech_task_1_text">
		<text>The scientists have hired you to guide them to a specific location for study. Once their research has been successfully conducted, return them safely to camp.</text>
	</string>
	<string id="jup_b6_scientist_tech_task_1_about">
		<text>We need an experienced stalker to lead a few of our the colleagues out into the field for study. Are you up for the task?</text>
	</string>
	<string id="jup_b6_scientist_tech_task_1_fetch_finish">
		<text>Thank you for your protection, stalker. Please take this as a token of our gratitude.</text>
	</string>

	<string id="jup_b6_scientist_tech_task_2_name">
		<text>Find the "%s" artefact</text>
	</string>
	<string id="jup_b6_scientist_tech_task_2_text">
		<text>You have been asked to retrieve the %s artefact. Bring it back to Tukarev if you happen to get your hands on one.</text>
	</string>
	<string id="jup_b6_scientist_tech_task_2_about">
		<text>We are looking for certain kinds of artefacts. If you are interested, I will tell you what we need.</text>
	</string>
	<string id="jup_b6_scientist_tech_task_2_fetch_about">
		<text>I need you to bring us back a "%s" artefact. You ever heard of it?</text>
	</string>
	<string id="jup_b6_scientist_tech_task_2_fetch_finish">
		<text>Great! You've found exactly what we are looking for. Take this suit; it offers great protection against the Zone, and I'm sure you�ll be able to command a good price for it.</text>
	</string>

	<!-- ----------------------------------------------------------------------------------------- -->
	<!-- Tukarev (Ecog Mechanic) Brains vs Brawn Dynamic Task -->

	<string id="jup_b6_scientist_tech_task_3_name">
		<text>Brains vs Brawn</text>
	</string>
	<string id="jup_b6_scientist_tech_task_3_text">
		<text>Lead a group of Ecologist guards into battle against Bandits.</text>
	</string>
	<string id="jup_b6_scientist_tech_task_3_about">
		<text>My researchers are in constant peril. There are bandits all over the area and no one seems to be doing a damn thing about it. I want you to clear the area with some of my men. Don't let their A-levels fool you, these boys know how to fight. Now get out there and lead them to victory!</text>
	</string>
	<string id="jup_b6_scientist_tech_task_3_finish">
		<text>Excellent work. Thank you.</text>
	</string>

	<!-- ----------------------------------------------------------------------------------------- -->
	<!-- Trapper (Loner Honcho) Lead Mutant Hunt Task -->

	<string id="jup_b220_trapper_task_1_name">
		<text>Clear area of mutants</text>
	</string>
	<string id="jup_b220_trapper_task_1_text">
		<text>Mutants have been spotted near this location making the area dangerous for some of the locals. You have been tasked to lead a hunting party to reduce the mutant threat within the area. Report back to Trapper after the job is done.</text>
	</string>
	<string id="jup_b220_trapper_task_1_about">
		<text>I have organized a hunt to help keep the area around Yanov a bit safer by depopulating the various mutant lairs found in area. I need someone experienced to lead it. Would you like the job?</text>
	</string>
	<string id="jup_b220_trapper_task_1_finish">
		<text>Thank you, stalker. The area will be much safer for others because of you. Here is your payment.</text>
	</string>

	<string id="jup_b220_trapper_task_2_name">
		<text>Assassinate target</text>
	</string>
	<string id="jup_b220_trapper_task_2_text">
		<text>Trapper has a high value target that needs to be eliminated.</text>
	</string>
	<string id="jup_b220_trapper_task_2_about">
		<text>I have a dangerous threat that needs to be eliminated. Not a mutant this time, but a man. He will not be easy to get to but I promise to pay you well. Are you up for the job?</text>
	</string>
	<string id="jup_b220_trapper_task_2_finish">
		<text>Excellent work stalker. Here is your payment.</text>
	</string>


	<!-- FIND WEAPON FOR HUNTSMAN TASK -->
	<string id="jup_b220_trapper_task_3_name">
		<text>Find %s</text>
	</string>
	<string id="jup_b220_trapper_task_3_text">
		<text>Trapper is looking for a specific firearm in perfect condition. Return to him if you find one.</text>
	</string>
	<string id="jup_b220_trapper_task_3_about">
		<text>One of my trappers is in the market for a specific firearm that I don't have available. Would you be able to track one down for me?</text>
	</string>
	<string id="jup_b220_trapper_task_3_fetch_about">
		<text>I need a %s. The trapper who wants it goes after dangerous game, so he needs it to be in excellent condition. I can pay you well if you find one.</text>
	</string>
	<string id="jup_b220_trapper_task_3_fetch_finish">
		<text>Ah, perfect. This will do nicely. Here is the money I promised you.</text>
	</string>


	<!-- FIND MUTANT PARTS FOR HUNTSMAN TASK -->
	<string id="jup_b220_trapper_task_4_name">
		<text>Procure %s</text>
	</string>
	<string id="jup_b220_trapper_task_4_text">
		<text>Trapper says he will pay well if you can bring him %s.</text>
	</string>
	<string id="jup_b220_trapper_task_4_about">
		<text>I have a bounty out on a particular type of mutant. Are you interested?</text>
	</string>
	<string id="jup_b220_trapper_task_4_fetch_about">
		<text>Kill this mutant and bring me its %s and I will pay you well, stalker.</text>
	</string>
	<string id="jup_b220_trapper_task_4_fetch_finish">
		<text>Ah, another threat eliminated and a new decoration for the camp. Well done, stalker.</text>
	</string>


	<!--- Call of Chernobyl -->


	<string id="jup_b217_stalker_tech_task_1_name">
		<text>Find %s</text>
	</string>
	<string id="jup_b217_stalker_tech_task_1_text">
		<text>%s are required by Nitro to install basic equipment upgrades, you should bring them back to him if you find any.</text>
	</string>
	<string id="jup_b217_stalker_tech_task_1_about">
		<text>I need new tools, stalker, something that is hard to come by in the Zone. If you are interested in helping me out, I will tell you what I need.</text>
	</string>
	<string id="jup_b217_stalker_tech_task_1_fetch_about">
		<text>I need a set of basic tools. It should contain what I need. If you can bring some back for me, I will be grateful; I will even offer you a discount from here on out.</text>
	</string>
	<string id="jup_b217_stalker_tech_task_1_fetch_finish">
		<text>Perfect! This is just what I need, stalker. If you need any of your equipment fine-tuned, I can now do it properly.</text>
	</string>

	<string id="jup_b217_stalker_tech_task_2_name">
		<text>Find %s</text>
	</string>
	<string id="jup_b217_stalker_tech_task_2_text">
		<text>%s are required by Nitro to install advanced equipment upgrades, you should bring them back to him if you find any.</text>
	</string>
	<string id="jup_b217_stalker_tech_task_2_about">
		<text>The toolkit you brought me is great, but it doesn't have everything I need. Do you think you can find me a better set?</text>
	</string>
	<string id="jup_b217_stalker_tech_task_2_fetch_about">
		<text>I need an %s. I'm not sure where you can get one of these, but if you can find one, I need it.</text>
	</string>
	<string id="jup_b217_stalker_tech_task_2_fetch_finish">
		<text>Whoa! You found a nice set of tools for me. Here, I promised you some money in return.</text>
	</string>
	<string id="jup_b217_stalker_tech_task_3_name">
		<text>Find %s</text>
	</string>
	<string id="jup_b217_stalker_tech_task_3_text">
		<text>%s are required by Nitro to install expert equipment upgrades, you should bring them back to him if you find any.</text>
	</string>
	<string id="jup_b217_stalker_tech_task_3_about">
		<text>The toolkit you brought me is great, but it doesn't have everything I need. Do you think you can find me a better set?</text>
	</string>
	<string id="jup_b217_stalker_tech_task_3_fetch_about">
		<text>I need an %s. I'm not sure where you can get one of these, but if you can find one, I need it.</text>
	</string>
	<string id="jup_b217_stalker_tech_task_3_fetch_finish">
		<text>Whoa! You found a nice set of tools for me. Here, I promised you some money in return.</text>
	</string>

	<!-- \\\\\\\\\\\\\\\\\\\\\\\\\\\\\\\\\\\\\\\\\\\\\\\\\\\\\\\\\\\\\\\\\\\\\\\\\\\\\\\\\\\\\\\\\ -->


	<!-- Jup A6 Yar -->
	<string id="jup_b19_freedom_yar_task_1_name">
		<text>Special Delivery</text>
	</string>
	<string id="jup_b19_freedom_yar_task_1_text">
		<text>You need to deliver a message. How did you get caught up in the middle of this?</text>
	</string>
	<string id="jup_b19_freedom_yar_task_1_about">
		<text>Alright, I have a very simple job for you. I need you to deliver a message to my pal, Ashot. He needs his PDA fixed - tell him to bring it over here.</text>
	</string>
	<string id="jup_b19_freedom_yar_task_1_finish">
		<text>Haha, we were just playing a prank on you, stalker. I can't believe you put up with this shit for so long.</text>
	</string>

	<string id="jup_b19_freedom_yar_task_1_dm_query">
		<text>I'm here to deliver a message.</text>
	</string>

	
<!-- (Ecologists) -->
	<string id="jup_b6_scientist_nuclear_physicist_task_1_name">
		<text>Scanning Field</text>
	</string>
	<string id="jup_b6_scientist_nuclear_physicist_task_1_text0">
		<text>Get an anomalous scanner.</text>
	</string>
	<string id="jup_b6_scientist_nuclear_physicist_task_1_text1_0">
		<text>Take the scanner to the anomalous field.</text>
	</string>
	<string id="jup_b6_scientist_nuclear_physicist_task_1_text1_1">
		<text>Take the scanner to the anomalous field.</text>
	</string>
	<string id="jup_b6_scientist_nuclear_physicist_task_1_text2">
		<text>Place the scanner.</text>
	</string>
	<string id="jup_b6_scientist_nuclear_physicist_task_1_text3">
		<text>Report on the implementation.</text>
	</string>
	<string id="jup_b6_scientist_nuclear_physicist_task_1_about">
		<text>Our group is trying their hardest to find out what sort of relationship the emissions and the artefacts have by conducting experiments on anomalous formations. But, our research team isn't quite the most qualified, so we urgently need a volunteer for our mission. I need you to take this advanced scanner and place it near the marked anomalies, the data will be sent to our computers.</text>
	</string>
	<string id="jup_b6_scientist_nuclear_physicist_task_1_finish">
		<text>I can see that the scanner is working as intended. Thank you stalker, I am very grateful.</text>
	</string>

	
<!-- (Monolith Mechanic) -->
	<string id="mechanic_monolith_jup_depo_task_1_name">
		<text>Find %s</text>
	</string>
	<string id="mechanic_monolith_jup_depo_task_1_text">
		<text>The technician at the depot has asked me to bring %s.</text>
	</string>
	<string id="mechanic_monolith_jup_depo_task_1_about">
		<text>Our base was set up here recently, but the lack of tools for our brothers has been acute. Will you find a set of basic tools for the benefit of the brotherhood? It would be invaluable.</text>
	</string>
	<string id="mechanic_monolith_jup_depo_task_1_fetch_about">
		<text>Our base was set up here recently, but the lack of tools for our brothers has been acute. Will you find a set of basic tools for the benefit of the brotherhood? It would be invaluable.</text>
	</string>
	<string id="mechanic_monolith_jup_depo_task_1_fetch_finish">
		<text>Excellent. This will help us gain a foothold and grow in strength... I believe you deserve a discount.</text>
	</string>

	<string id="mechanic_monolith_jup_depo_task_2_name">
		<text>Find %s</text>
	</string>
	<string id="mechanic_monolith_jup_depo_task_2_text">
		<text>The technician at the depot has asked me to bring %s.</text>
	</string>
	<string id="mechanic_monolith_jup_depo_task_2_about">
		<text>Fighting has shown that our weapons are marginally inferior to those of the infidels, among which exist capable technicians. I require tools for fine work to save our brothers from such inferiorities. Will you help, brother?</text>
	</string>
	<string id="mechanic_monolith_jup_depo_task_2_fetch_about">
		<text>Fighting has shown that our weapons are marginally inferior to those of the infidels, among which exist capable technicians. I require tools for fine work to save our brothers from such inferiorities. Will you help, brother?</text>
	</string>
	<string id="mechanic_monolith_jup_depo_task_2_fetch_finish">
		<text>Good work. The equipment supplied to our brothers will prove to be dominant over all others in the area... You will be getting an additional reduction in fees.</text>
	</string>

	<string id="mechanic_monolith_jup_depo_task_3_name">
		<text>Find %s</text>
	</string>
	<string id="mechanic_monolith_jup_depo_task_3_text">
		<text>The technician at the depot has asked me to bring %s.</text>
	</string>
	<string id="mechanic_monolith_jup_depo_task_3_about">
		<text>We will be able to surpass them all, brother! To accomplish that, I require tools for calibrating our weapons. Please, locate a set and bring it to me.</text>
	</string>
	<string id="mechanic_monolith_jup_depo_task_3_fetch_about">
		<text>We will be able to surpass them all, brother! To accomplish that, I require tools for calibrating our weapons. Please, locate a set and bring it to me.</text>
	</string>
	<string id="mechanic_monolith_jup_depo_task_3_fetch_finish">
		<text>It is settled. With these recent discoveries, we shall conquer the surrounding areas. From here on out, my services for you will be provided to the best of my capability.</text>
	</string>
	
	
<!-- (Bandits Mechanic) -->
	<string id="jup_cont_mech_bandit_task_1_name">
		<text>Find %s</text>
	</string>
	<string id="jup_cont_mech_bandit_task_1_text">
		<text>The tech gangster has asked me to bring him %s.</text>
	</string>
	<string id="jup_cont_mech_bandit_task_1_about">
		<text>Stalkers snatched everything and set up defenses at Yanov, those fuckers. We ain't got shit! Need some tools, man. Get me some, yeah?</text>
	</string>
	<string id="jup_cont_mech_bandit_task_1_fetch_about">
		<text>Stalkers snatched everything and set up defenses at Yanov, those fuckers. We ain't got shit! Need some tools, man. Get me some, yeah?</text>
	</string>
	<string id="jup_cont_mech_bandit_task_1_fetch_finish">
		<text>Ah, beautiful! Someone's getting a discount.</text>
	</string>

	<string id="jup_cont_mech_bandit_task_2_name">
		<text>Find %s</text>
	</string>
	<string id="jup_cont_mech_bandit_task_2_text">
		<text>The tech gangster has asked me to bring him %s.</text>
	</string>
	<string id="jup_cont_mech_bandit_task_2_about">
		<text>Listen, I don't wanna bother you too much and all, but could you just bring one more kit here? Need a better kit to improve our shit, you know? It's hard for us here without the right upgrades, heh.</text>
	</string>
	<string id="jup_cont_mech_bandit_task_2_fetch_about">
		<text>Listen, I don't wanna bother you too much and all, but could you just bring one more kit here? Need a better kit to improve our shit, you know? It's hard for us here without the right upgrades, heh.</text>
	</string>
	<string id="jup_cont_mech_bandit_task_2_fetch_finish">
		<text>Thanks, man. You're a real guy, you know that?</text>
	</string>

	<string id="jup_cont_mech_bandit_task_3_name">
		<text>Find %s</text>
	</string>
	<string id="jup_cont_mech_bandit_task_3_text">
		<text>The tech gangster has asked me to bring him %s.s</text>
	</string>
	<string id="jup_cont_mech_bandit_task_3_about">
		<text>Hey, buddy, the two other sets of tools you brought us is really helpin', but I need the best o' the best. You know... the shit that'll make 'em go, "oooh, yeeeah..."</text>
	</string>
	<string id="jup_cont_mech_bandit_task_3_fetch_about">
		<text>Hey, buddy, the two other sets of tools you brought us is really helpin', but I need the best o' the best. You know... the shit that'll make 'em go, "oooh, yeeeah..."</text>
	</string>
	<string id="jup_cont_mech_bandit_task_3_fetch_finish">
		<text>Well, fuck me sideways! What a rarity... a real rarity. I'll give you another discount, you deserve it. Thanks, bro.</text>
	</string>

	
	<!-- Bonesetter (Loner Medic) -->
	<string id="jup_a6_stalker_medik_task_1_name">
		<text>Find %s</text>
	</string>
	<string id="jup_a6_stalker_medik_task_1_text">
		<text>%s is required by Bonesetter to work on medical supplies. You should bring them back to him if you find any.</text>
	</string>
	<string id="jup_a6_stalker_medik_task_1_about">
		<text>Maintaining what's left from medical supplies storage with this number of injuries I have to treat on daily bias is worrying. I'm gonna run out of bandages and medkits soon or later. I need you to find me one of those old drug-making kits. They will come in handy for sure.</text>
	</string>
	<string id="jup_a6_stalker_medik_task_1_fetch_about">
		<text>There is. I've been looking all over for a %s. It should contain some tablets and ampoules I need to do work on medical supplies. I'll pay you for one of these kits if you can bring a full set back to me.</text>
	</string>
	<string id="jup_a6_stalker_medik_task_1_fetch_finish">
		<text>Great job! I own you big time.</text>
	</string>
</string_table>
