<?xml version="1.0" encoding="windows-1251"?>
<string_table>
	<string id="sar_perception">
		<text>Northern passage</text>
	</string>
	<string id="sar_perception_1">
		<text>Meet whomever or whatever is behind the Monolith.</text>
	</string>
	<string id="sar_perception_2">
		<text>Find the laboratory mentioned in the manuscript and discover what it is hiding.</text>
	</string>
	<string id="sar_perception_3">
		<text>Use the decoder to open the door.</text>
	</string>
	<string id="sar_perception_4">
		<text>Defeat the guards to get into the room.</text>
	</string>
	<string id="sar_perception_5">
		<text>Find out the entry code from the documents.</text>
	</string>
	<string id="warlab_kill_crazy_entity_title">
		<text>Deal with the unknown entity</text>
	</string>
	<string id="warlab_kill_crazy_entity_1">
		<text>Talk to the entity</text>
	</string>
	<string id="warlab_kill_crazy_entity_2">
		<text>Kill the three physical forms of the warlab entity to open the door</text>
	</string>
</string_table>
