<?xml version="1.0" encoding="windows-1251"?>

<!--===========================================================
<
< TEXT  STRINGS FOR TASKS ON ZATON MAP
<	CoC 1.4.22 - DoctorX Questlines 1.25
<
<	Modified by: DoctorX
<	Last revised: April 27, 2017
<
<===========================================================-->

<string_table>


	<!-- /////////////////////////////////////////////////////////////////////////////////////////////
	<!--
	<!-- STORYLINE TASK TEXT  STRINGS
	<!--
	<!--	Modified by DoctorX
	<!--	for DoctorX Questlines 1.25
	<!--	April 27, 2017
	<!--
	<!-- ----------------------------------------------------------------------------------------- -->

	<!-- ----------------------------------------------------------------------------------------- -->
	<!-- Beard (Loner Trader) Default Storyline Task -->

	<string id="drx_sl_zat_a2_stalker_barmen_default_task_name">
		<text>Get Next Task</text>
	</string>
	<string id="drx_sl_zat_a2_stalker_barmen_default_task_text">
		<text>Receive your next task.</text>
	</string>
	<string id="drx_sl_zat_a2_stalker_barmen_default_task_about">
		<text>Ha ha! I'm glad you are here, stalker. I know a man who could use your help. See if you can be of assistance to him.</text>
	</string>
	<string id="drx_sl_zat_a2_stalker_barmen_default_task_finish">
		<text>Good luck stalker.</text>
	</string>

	<!-- ----------------------------------------------------------------------------------------- -->
	<!-- Beard (Loner Trader) Retrieve PDA Storyline Task -->

	<string id="drx_sl_zat_a2_stalker_barmen_task_1_name">
		<text>Retrieve PDA for Beard</text>
	</string>
	<string id="drx_sl_zat_a2_stalker_barmen_task_1_text">
		<text>Beard has a PDA stashed away that contains some dirt on Owl.</text>
	</string>
	<string id="drx_sl_zat_a2_stalker_barmen_task_1_about">
		<text>Haha! Look who it is! Well, my friend, have I got the deal for you! That prick Owl thinks he can shut me down but I know a little something about him. There is a PDA I have stashed away that has everything I need to put him in his place. Bring it to me, stalker. I will make it worth your while.</text>
	</string>
	<string id="drx_sl_zat_a2_stalker_barmen_task_1_finish">
		<text>Ha! You got it! Good man, stalker! Here, have a drink on me!</text>
	</string>

	<!-- ----------------------------------------------------------------------------------------- -->
	<!-- Beard (Loner Trader) Search and Rescue Storyline Task -->

	<string id="drx_sl_zat_a2_stalker_barmen_task_2_name">
		<text>Stalker Search and Rescue</text>
	</string>
	<string id="drx_sl_zat_a2_stalker_barmen_task_2_text">
		<text>Monolith have captured a stalker. Find him and rescue him.</text>
	</string>
	<string id="drx_sl_zat_a2_stalker_barmen_task_2_about">
		<text>Stalker, Monolith bitches have captured one of your comrades. They headed off in that direction. Save him!</text>
	</string>
	<string id="drx_sl_zat_a2_stalker_barmen_task_2_finish">
		<text>Haha! Look at the pair of you, hard to tell who lost the fight, haha! Come, come, drink up! Have some vodka and feel no more pain!</text>
	</string>

	<!-- ----------------------------------------------------------------------------------------- -->
	<!-- Noah (Loner Honcho) Default Storyline Task -->

	<string id="drx_sl_zat_b18_noah_default_task_name">
		<text>Get Next Task</text>
	</string>
	<string id="drx_sl_zat_b18_noah_default_task_text">
		<text>Receive your next task.</text>
	</string>
	<string id="drx_sl_zat_b18_noah_default_task_about">
		<text>If ya ain't bringin' me no dead mutants there ain't nothing we got to talk about. Better keep on walking.</text>
	</string>
	<string id="drx_sl_zat_b18_noah_default_task_finish">
		<text>Good luck stalker.</text>
	</string>

	<!-- ----------------------------------------------------------------------------------------- -->
	<!-- Noah (Loner Honcho) Dog Food Storyline Task -->

	<string id="drx_sl_zat_b18_noah_task_1_name">
		<text>Find %s for Noah's Dog</text>
	</string>
	<string id="drx_sl_zat_b18_noah_task_1_text">
		<text>Noah's mutant pet is hungry for %s. Better find some soon before it turns on the old coot.</text>
	</string>
	<string id="drx_sl_zat_b18_noah_task_1_about">
		<text>Where the hell you been boy? I'm out of dog food! This little bitch is gonna eat me out of house and home. She's a looker though, ain't she? Just like her master.</text>
	</string>
	<string id="drx_sl_zat_b18_noah_task_1_fetch_about">
		<text>Well what the hell you standing there for? Get me some damn %s to feed my dog!</text>
	</string>
	<string id="drx_sl_zat_b18_noah_task_1_fetch_finish">
		<text>About damn time! Here you go, girl. Eat up. She's such a pretty lass. Look how full that coat is... What? You still here? Here, take this if it will get you to go away.</text>
	</string>

	<!-- ----------------------------------------------------------------------------------------- -->
	<!-- Noah (Loner Honcho) Exterminate Mutant Infestation Storyline Task -->

	<string id="drx_sl_zat_b18_noah_task_2_name">
		<text>Exterminate Noah's Mutant Infestation</text>
	</string>
	<string id="drx_sl_zat_b18_noah_task_2_text">
		<text>The old coot Noah is having trouble keeping the area clear of mutants. Help the old guy out.</text>
	</string>
	<string id="drx_sl_zat_b18_noah_task_2_about">
		<text>You're late! There's mutants everywhere out here! You expect me to keep killing them all? Get the hell out there and get rid of them damn things!</text>
	</string>
	<string id="drx_sl_zat_b18_noah_task_2_finish">
		<text>You've been gone all day! How the hell long does it take to kill a couple damn mutants? Take your damn pay and get the hell off my boat. And pet my dog on the way out will you? She loves attention and stalker fingers.</text>
	</string>


	<!-- ----------------------------------------------------------------------------------------- -->
	<!-- Vector (Mercenary Trader/Guide) Default Storyline Task -->

	<string id="drx_sl_zat_stancia_trader_merc_default_task_name">
		<text>Get Next Task</text>
	</string>
	<string id="drx_sl_zat_stancia_trader_merc_default_task_text">
		<text>Receive your next task.</text>
	</string>
	<string id="drx_sl_zat_stancia_trader_merc_default_task_about">
		<text>I have a customer for you. I've marked his location on your map.</text>
	</string>
	<string id="drx_sl_zat_stancia_trader_merc_default_task_finish">
		<text>Good luck.</text>
	</string>
	

	<!-- Vector (Mercenary Trader/Guide) Trace the Emergency Signal Storyline Task -->

	<string id="drx_sl_zat_stancia_trader_merc_task_1_name">
		<text>Trace the Emergency Signal ($freq MHz)</text>
	</string>
	<string id="drx_sl_zat_stancia_trader_merc_task_1_text">
		<text>Vector wants you to trace the emergency signal sent by a group of mercs</text>
	</string>
	<string id="drx_sl_zat_stancia_trader_merc_task_1_text_0">
		<text>Vector wants you to trace the emergency signal sent by a group of mercs, but $item_1 is required to search.</text>
	</string>
	<string id="drx_sl_zat_stancia_trader_merc_task_1_text_1">
		<text>Vector wants you to trace the emergency signal sent by a group of mercs.\nHead over $map.</text>
	</string>
	<string id="drx_sl_zat_stancia_trader_merc_task_1_text_2">
		<text>Vector wants you to trace the emergency signal sent by a group of mercs.\nUse the $item_1 and set up the frequency to $freq MHz. Search for a good signal around.</text>
	</string>
	<string id="drx_sl_zat_stancia_trader_merc_task_1_text_3">
		<text>You must retrieve the $item_2 you found and show it to Vector.</text>
	</string>
	<string id="drx_sl_zat_stancia_trader_merc_task_1_text_4">
		<text>Go back to Vector with your findings.</text>
	</string>
	<string id="drx_sl_zat_stancia_trader_merc_task_1_about">
		<text>A bit late, but I'm glad you're here. We were finishing our business last time, until I recieved an emergency signal coming from the south. I can't mistake this one, it's coming from the PDA that belongs to one of the men I sent yesterday to our base in the other side of the Zone. Something went wrong, so I need you to trace their signal by using an RF receiver and find what happened. You must bring the PDA too, It contains sensetive information.</text>
	</string>
	<string id="drx_sl_zat_stancia_trader_merc_task_1_finish">
		<text>So they all dead? What a shame... You brought the PDA back at least. Here's your reward.</text>
	</string>
	

	<!-- Vector (Mercenary Trader/Guide) Secure the Passage to the Outskirts Storyline Task -->

	<string id="drx_sl_zat_stancia_trader_merc_task_2_name">
		<text>Secure the Passage to the Outskirts</text>
	</string>
	<string id="drx_sl_zat_stancia_trader_merc_task_2_text">
		<text>Vector wants you to go inside Jupiter Underground, and eliminate the monolith squad hiding in there.</text>
	</string>
	<string id="drx_sl_zat_stancia_trader_merc_task_2_about">
		<text>Bad news, and this time it's the fucking monolith. The underground network between Jupiter and Outskirts has been used for while by our squads. That's how we carry operations inside the Outskirts of Pripyat while avoiding contact with the fanatics above. But just when you thought that business is good, the last mercs who went there have been ambushed by a monolith squad out of no where, as if the mutants are not enough already. I need a brave man like you to get rid of them and secure the passage. We can't let them lurk there.</text>
	</string>
	<string id="drx_sl_zat_stancia_trader_merc_task_2_finish">
		<text>Splendid work! We are back to business. Here, for your trouble.</text>
	</string>

	<!-- \\\\\\\\\\\\\\\\\\\\\\\\\\\\\\\\\\\\\\\\\\\\\\\\\\\\\\\\\\\\\\\\\\\\\\\\\\\\\\\\\\\\\\\\\ -->


	<!-- /////////////////////////////////////////////////////////////////////////////////////////////
	<!--
	<!-- DYNAMIC TASK TEXT  STRINGS
	<!--
	<!--	Modified by DoctorX
	<!--	for DoctorX Questlines 1.6
	<!--	October 07, 2016
	<!--
	<!-- ----------------------------------------------------------------------------------------- -->

	<!-- ----------------------------------------------------------------------------------------- -->
	<!-- Beard (Loner Trader) Clear Mutants from SkadovskTask -->

	<string id="zat_a2_stalker_barmen_task_1_name">
		<text>Clear area of mutants</text>
	</string>
	<string id="zat_a2_stalker_barmen_task_1_text">
		<text>Mutants are about. Hunt them down and clear the area.</text>
	</string>
	<string id="zat_a2_stalker_barmen_task_1_about">
		<text>Shh... Listen, hear that? Some mutants howling. Still gives me the chills after all this time. How about you go out there and take care of them? I'll make it worth your while.</text>
	</string>
	<string id="zat_a2_stalker_barmen_task_1_finish">
		<text>Haha! Well done, stalker! Have a drink on Beard!</text>
	</string>


	<!-- FIND ARTEFACT FOR BEARD TASK -->
	<string id="zat_a2_stalker_barmen_task_2_name">
		<text>Find the "%s" Artefact for Beard</text>
	</string>
	<string id="zat_a2_stalker_barmen_task_2_text">
		<text>Beard wants you to find the "%s" artefact for him.</text>
	</string>
	<string id="zat_a2_stalker_barmen_task_2_about">
		<text>I deal in artefacts. I usually don't buy them from stalkers, but there is one in particular I would like to get my hands on. Do you want to try to get it for me?</text>
	</string>
	<string id="zat_a2_stalker_barmen_task_2_fetch_about">
		<text>I'm looking for the "%s" artefact. You ever seen one? If you can find it, I'll make sure you're well paid.</text>
	</string>
	<string id="zat_a2_stalker_barmen_task_2_fetch_finish">
		<text>Good hunting, stalker! Have a drink on the house!</text>
	</string>


	<!-- ASSASSINATION FOR BEARD TASK -->
	<string id="zat_a2_stalker_barmen_task_3_name">
		<text>My Brother's Keeper</text>
	</string>
	<string id="zat_a2_stalker_barmen_task_3_text">
		<text>Kill the Military Stalker</text>
	</string>
	<string id="zat_a2_stalker_barmen_task_3_about">
		<text>There's a guy; used to be a regular stalker just like anyone else on this ship. One day, some Military officers came and offered him a commission. The next thing we knew, he's found murdering his former brothers in cold blood! We cannot stand for that! Find this traitor and avenge the men he shot in the back.</text>
	</string>
	<string id="zat_a2_stalker_barmen_task_3_finish">
		<text>Ah, you killed him? Help yourself to a drink. I'm sure we could all do with one...</text>
	</string>


	<!-- zat_b7_bandit_boss_sultan_task -->
	<string id="zat_b7_bandit_boss_sultan_task_1_name">
		<text>Eliminate Target</text>
	</string>
	<string id="zat_b7_bandit_boss_sultan_task_1_text">
		<text>Find and eliminate the target then return to Sultan for payment.</text>
	</string>
	<string id="zat_b7_bandit_boss_sultan_task_1_about">
		<text>There are many people in the Zone who have rubbed me the wrong way or shown me disrespect. Some of these pricks either owe me money or fucked up some deal. These people are nothing but rats that need stomped out. If you are up for the task, I will give you their information so that you can track them through GPS.</text>
	</string>
	<string id="zat_b7_bandit_boss_sultan_task_1_finish">
		<text>Great work! Here's a little something for your trouble:</text>
	</string>
	<!-- zat_a2_stalker_mechanic -->
	<string id="zat_a2_stalker_mechanic_task_1_name">
		<text>Find %s</text>
	</string>
	<string id="zat_a2_stalker_mechanic_task_1_text">
		<text>%s are required by Cardan to install basic equipment upgrades. You should bring them back to him if you find any.</text>
	</string>
	<string id="zat_a2_stalker_mechanic_task_1_about">
		<text>Not only do I need some more booze, but I could really use a good set of tools, stalker. If you're interested in helping me out, I will tell you what I need.</text>
	</string>
	<string id="zat_a2_stalker_mechanic_task_1_fetch_about">
		<text>I need a set of basic tools. It should contain what I need. If you can bring some back for me, I will be grateful; I will even offer you a discount from here on out.</text>
	</string>
	<string id="zat_a2_stalker_mechanic_task_1_fetch_finish">
		<text>Great, stalker. You brought exactly what I've asked. Thanks.</text>
	</string>
	<string id="zat_a2_stalker_mechanic_task_2_name">
		<text>Find %s</text>
	</string>
	<string id="zat_a2_stalker_mechanic_task_2_text">
		<text>%s are required by Cardan to install advanced equipment upgrades. You should bring them back to him if you find any.</text>
	</string>
	<string id="zat_a2_stalker_mechanic_task_2_about">
		<text>I could really use more tools and vodka... but the vodka is easy to find. What I need from you is more tools; better tools. Can you do this for me?</text>
	</string>
	<string id="zat_a2_stalker_mechanic_task_2_fetch_about">
		<text>I need a set of advanced tools. It should contain what I need. If you can bring some back for me, I will be grateful; I will even offer you a discount from here on out.</text>
	</string>
	<string id="zat_a2_stalker_mechanic_task_2_fetch_finish">
		<text>Fantastic! Feel free to stop by any time for a drink or if you need me to take a look at your gear.</text>
	</string>
	<string id="zat_a2_stalker_mechanic_task_3_name">
		<text>Find %s</text>
	</string>
	<string id="zat_a2_stalker_mechanic_task_3_text">
		<text>%s are required by Cardan to install expert equipment upgrades. You should bring them back to him if you find any.</text>
	</string>
	<string id="zat_a2_stalker_mechanic_task_3_about">
		<text>I could really use more tools and vodka... but the vodka is easy to find. What I need from you is more tools; better tools. Can you do this for me?</text>
	</string>
	<string id="zat_a2_stalker_mechanic_task_3_fetch_about">
		<text>I need a set of expert tools. It should contain what I need. If you can bring some back for me, I will be grateful; I will even offer you a discount from here on out.</text>
	</string>
	<string id="zat_a2_stalker_mechanic_task_3_fetch_finish">
		<text>Fantastic! Feel free to stop by any time for a drink or if you need me to take a look at your gear.</text>
	</string>
	
	
<!-- Noah -->
	<string id="task_noah_2_1">
		<text>Benefactor: get in the teleporter anomaly on the hill</text>
	</string>
	<string id="task_noah_2_2">
		<text>Benefactor: clear out the mutant lair</text>
	</string>
	<string id="task_noah_2_3">
		<text>Benefactor: tell Noah about the successful mission</text>
	</string>
	<string id="task_noah_2_descr">
		<text>Snorks have been threatening Noah for a while. He wants me to clear out a lair at the southern plateau.</text>
	</string>
	<string id="task_noah_1_1">
		<text>Benefactor: help Noah get a new rifle</text>
	</string>
	<string id="task_noah_1_2">
		<text>Benefactor: bring Noah an Armsel Protecta</text>
	</string>
	<string id="task_noah_1_descr">
		<text>Noah wants my help getting an Armsel Protecta so that he can rest easy at night.</text>
	</string>

	
	<string id="zat_stancia_trader_merc_task_1_name">
		<text>Collect %s</text>
	</string>
	<string id="zat_stancia_trader_merc_task_1_text">
		<text>A mercenary has asked me to collect %s.</text>
	</string>
	<string id="zat_stancia_trader_merc_task_1_about">
		<text>You feel like arranging a real safari? You will hunt people and bring their patches. We will be raising the standards of the faction.</text>
	</string>
	<string id="zat_stancia_trader_merc_task_1_fetch_about">
		<text>You feel like arranging a real safari? Bring me %s and I'll pay you well. We will be raising the standards of the faction.</text>
	</string>
	<string id="zat_stancia_trader_merc_task_1_fetch_finish">
		<text>That's what I'm talking about! Here's your money.</text>
	</string>
	
<!-- (Mercenary Mechanic) -->
	<string id="zat_stancia_mech_merc_task_1_name">
		<text>Find %s</text>
	</string>
	<string id="zat_stancia_mech_merc_task_1_text">
		<text>A mercenary technician has asked me to bring him %s.</text>
	</string>
	<string id="zat_stancia_mech_merc_task_1_about">
		<text>Listen, what kind of mercenaries are we without well-maintained and custom equipment? You know, we used to have tools for anything, but some fuck stole them from the substation workshop. So, I need tools, and not shitty ones either. Can you find us some?</text>
	</string>
	<string id="zat_stancia_mech_merc_task_1_fetch_about">
		<text>Listen, what kind of mercenaries are we without well-maintained and custom equipment? You know, we used to have tools for anything, but some fuck stole them from the substation workshop. So, I need tools, and not shitty ones either. Can you find us some?</text>
	</string>
	<string id="zat_stancia_mech_merc_task_1_fetch_finish">
		<text>Damn, you deserve a discount. Thanks.</text>
	</string>

	<string id="zat_stancia_mech_merc_task_2_name">
		<text>Find %s</text>
	</string>
	<string id="zat_stancia_mech_merc_task_2_text">
		<text>A mercenary technician has asked me to bring him %s.</text>
	</string>
	<string id="zat_stancia_mech_merc_task_2_about">
		<text>Having reliable weapons is nice, but so far we're without any sufficient upgrades. Will you find me an even better set of tools?</text>
	</string>
	<string id="zat_stancia_mech_merc_task_2_fetch_about">
		<text>Having reliable weapons is nice, but so far we're without any sufficient upgrades. Will you find me an even better set of tools?</text>
	</string>
	<string id="zat_stancia_mech_merc_task_2_fetch_finish">
		<text>Thank you. Let's see how much I can help you and the others out with this!</text>
	</string>

	<string id="zat_stancia_mech_merc_task_3_name">
		<text>Find %s</text>
	</string>
	<string id="zat_stancia_mech_merc_task_3_text">
		<text>A mercenary technician has asked me to bring him %s.</text>
	</string>
	<string id="zat_stancia_mech_merc_task_3_about">
		<text>Listen - let's finish our job, shall we? I need calibration tools to make sure that no scumbag escapes us.</text>
	</string>
	<string id="zat_stancia_mech_merc_task_3_fetch_about">
		<text>Listen - let's finish our job, shall we? I need calibration tools to make sure that no scumbag escapes us.</text>
	</string>
	<string id="zat_stancia_mech_merc_task_3_fetch_finish">
		<text>Oh, fuck... You are the hero of every technician! Well done indeed... I'll be doubling your discount.</text>
	</string>

<!-- Axel (Loner Medic) -->
	<string id="zat_b22_stalker_medic_task_1_name">
		<text>Find %s</text>
	</string>
	<string id="zat_b22_stalker_medic_task_1_text">
		<text>%s is required by Axel to work on medical supplies. You should bring them back to him if you find any.</text>
	</string>
	<string id="zat_b22_stalker_medic_task_1_about">
		<text>Maintaining what's left from medical supplies storage with this number of injuries I have to treat on daily bias is worrying. I'm gonna run out of bandages and medkits soon or later. I need you to find me one of those old drug-making kits. They will come in handy for sure.</text>
	</string>
	<string id="zat_b22_stalker_medic_task_1_fetch_about">
		<text>There is. I've been looking all over for a %s. It should contain some tablets and ampoules I need to do work on medical supplies. I'll pay you for one of these kits if you can bring a full set back to me.</text>
	</string>
	<string id="zat_b22_stalker_medic_task_1_fetch_finish">
		<text>Great job! I own you big time.</text>
	</string>
</string_table>
