<?xml version="1.0" encoding="windows-1251"?>

<!--
	Upgrades descriptions
-->

<string_table>

<!--
	Outfits upgrades
-->
	<string id="st_up_armor_1_name">
		<text>Kevlar plates</text>
	</string>
	<string id="st_up_armor_1_descr">
		<text>Reinforced plates that last longer, but are not more durable.</text>
	</string>
	<string id="st_up_armor_2_name">
		<text>Polycarbonate plates</text>
	</string>
	<string id="st_up_armor_2_descr">
		<text>Polycarbonate plates don't last long, but they're more reliable than Kevlar thanks to improved bullet impulse negation.</text>
	</string>
	<string id="st_up_armor_3_name">
		<text>Duplicate protective plate layer</text>
	</string>
	<string id="st_up_armor_3_descr">
		<text>Armour with an inner layer that spreads impact over a greater area.</text>
	</string>
	<string id="st_up_armor_4_name">
		<text>Installation of mobile protective plates for joints</text>
	</string>
	<string id="st_up_armor_4_descr">
		<text>Mobile plates protect joints from gunshot wounds.</text>
	</string>
	
	
	<string id="st_up_damage_1_name">
		<text>Segmented protection</text>
	</string>
	<string id="st_up_damage_1_descr">
		<text>Thinner sheets of armour are layered to increase the armour's wear-resistance.</text>
	</string>
	<string id="st_up_damage_2_name">
		<text>Additional aluminium/titanium plates</text>
	</string>
	<string id="st_up_damage_2_descr">
		<text>Increased number of titanium plates considerably improves body armour durability.</text>
	</string>
	<string id="st_up_damage_3_name">
		<text>Backup mobile layer</text>
	</string>
	<string id="st_up_damage_3_descr">
		<text>Mobile plates protect joints from wounds.</text>
	</string>
	
	
	<string id="st_up_durability_1_name">
		<text>Thickening leather inserts</text>
	</string>
	<string id="st_up_durability_1_descr">
		<text>While those inserts don't mean improved protection, they do guarantee better durability.</text>
	</string>
	<string id="st_up_durability_2_name">
		<text>Shield high durability protective frame</text>
	</string>
	<string id="st_up_durability_2_descr">
		<text>Used in suits to improve outfit durability.</text>
	</string>
	<string id="st_up_durability_3_name">
		<text>Reinforced kevlar plates and inserts</text>
	</string>
	<string id="st_up_durability_3_descr">
		<text>Reinforced plates that last longer to improve outfit durability.</text>
	</string>
	
	
	<string id="st_up_weight_1_name">
		<text>Solid carbon components</text>
	</string>
	<string id="st_up_weight_1_descr">
		<text>Replacing metal with carbon fibre allows the weight of body armour to be reduced without sacrificing reliability.</text>
	</string>
	<string id="st_up_weight_2_name">
		<text>A lighter aluminium frame</text>
	</string>
	<string id="st_up_weight_2_descr">
		<text>A lighter aluminium frame for plates to replace the steel frame. Reduces armour weight</text>
	</string>
	<string id="st_up_weight_3_name">
		<text>Installation of lighter synthetic and plastic components</text>
	</string>
	<string id="st_up_weight_3_descr">
		<text>Use of lighter materials to reduce body armour weight.</text>
	</string>
	<string id="st_up_weight_4_name">
		<text>Lighter, synthetic and polymer materials</text>
	</string>
	<string id="st_up_weight_4_descr">
		<text>Fabric, clips and thickeners are replaced with lighter synthetic materials to reduce armour weight.</text>
	</string>
	
		
	<string id="st_up_carry_1_name">
		<text>A mount system for weight distribution</text>
	</string>
	<string id="st_up_carry_1_descr">
		<text>A system of mounts allows for weight to be distributed onto the whole body more evenly.</text>
	</string>
	<string id="st_up_carry_2_name">
		<text>A weight distribution back frame</text>
	</string>
	<string id="st_up_carry_2_descr">
		<text>A back frame relieves focused shoulder load from carried weight by distributing it over the body, which increases maximum load.</text>
	</string>
	<string id="st_up_carry_3_name">
		<text>Additional servomotors</text>
	</string>
	<string id="st_up_carry_3_descr">
		<text>Additional movement devices allow maximum carried load to be increased.</text>
	</string>
	
	
	<string id="st_up_shock_1_name">
		<text>Constantan-based inner layer for isolation</text>
	</string>
	<string id="st_up_shock_1_descr">
		<text>A thin layer of constantan is capable of isolating against electricity.</text>
	</string>
	<string id="st_up_shock_2_name">
		<text>Constantan thermal isolation inserts</text>
	</string>
	<string id="st_up_shock_2_descr">
		<text>Constantan is capable of isolating against electricity and has a very high melting point.</text>
	</string>
	<string id="st_up_shock_3_name">
		<text>An isolation bodysuit with manganin inserts</text>
	</string>
	<string id="st_up_shock_3_descr">
		<text>This nickel and magnesium alloy is used in armour to prevent electric shocks.</text>
	</string>
	
	
	<string id="st_up_burn_1_name">
		<text>Fabric treated with a fire-resistant substance</text>
	</string>
	<string id="st_up_burn_1_descr">
		<text>Fabric treated with a fire-resistant substance is popular among stalkers searching for fire artefacts.</text>
	</string>
	<string id="st_up_burn_2_name">
		<text>Magnesium plate inserts</text>
	</string>
	<string id="st_up_burn_2_descr">
		<text>Magnesium inserts protect the wearer from thermal dangers.</text>
	</string>
	<string id="st_up_burn_3_name">
		<text>Thermal fibreglass protection </text>
	</string>
	<string id="st_up_burn_3_descr">
		<text>Fiberglass is used in bodysuits worn by natural disaster response teams.</text>
	</string>
	<string id="st_up_burn_4_name">
		<text>Fire-resistant bodysuit with nickel inserts</text>
	</string>
	<string id="st_up_burn_4_descr">
		<text>Nickel is sufficiently fire-resistant to be used for body armour inserts</text>
	</string>
	<string id="st_up_helm_burn_1_name">
		<text>Thunderbird constantan face armour</text>
	</string>
	<string id="st_up_helm_burn_1_descr">
		<text>Protective alloy frame to prevent thermal and electrical damage.</text>
	</string>
	
	
	<string id="st_up_rad_1_name">
		<text>Rubberized bodysuit fabric</text>
	</string>
	<string id="st_up_rad_1_descr">
		<text>Rubber is a basic way of protecting yourself from brief radiation exposure.</text>
	</string>
	<string id="st_up_rad_2_name">
		<text>Plexiglass inner layer for radiation protection</text>
	</string>
	<string id="st_up_rad_2_descr">
		<text>Plexiglass absorbs two types of radiation while being a lot lighter than lead.</text>
	</string>
	<string id="st_up_rad_3_name">
		<text>Addition of lead to bodysuit</text>
	</string>
	<string id="st_up_rad_3_descr">
		<text>Lead is a reliable defence against radiation because it absorbs all three types thereof.</text>
	</string>	
	<string id="st_up_helm_rad_1_name">
		<text>Active filters</text>
	</string>
	<string id="st_up_helm_rad_1_descr">
		<text>Active filters can resist radioactive particles.</text>
	</string>
	<string id="st_up_helm_rad_2_name">
		<text>Plexiglass coating</text>
	</string>
	<string id="st_up_helm_rad_2_descr">
		<text>A plexiglass mask can provide partial protection from radiation.</text>
	</string>
	<string id="st_up_helm_rad_3_name">
		<text>Reinforced respirator for extreme conditions</text>
	</string>
	<string id="st_up_helm_rad_3_descr">
		<text>A filter with an additional purification coating and a system for removal of poisons.</text>
	</string>
	
	
	<string id="st_up_chem_1_name">
		<text>Canvas bodysuit</text>
	</string>
	<string id="st_up_chem_1_descr">
		<text>Basic protection against rain and caustic substances coming into contact with the skin</text>
	</string>
	<string id="st_up_chem_2_name">
		<text>Airtight plastic inner layer</text>
	</string>
	<string id="st_up_chem_2_descr">
		<text>Even a simple plastic inner layer can protect the wearer from chemical hazard.</text>
	</string>
	<string id="st_up_chem_3_name">
		<text>Impregnated bodysuit fabric</text>
	</string>
	<string id="st_up_chem_3_descr">
		<text>Impregnated fabric should prevent chemical poisoning.</text>
	</string>
	<string id="st_up_chem_4_name">
		<text>Lifesaver plexiglass bodysuit with flexible lead mesh</text>
	</string>
	<string id="st_up_chem_4_descr">
		<text>The lead mesh creates unbreachable chemical protection without sacrificing mobility.</text>
	</string>
	<string id="st_up_helm_chem_1_name">
		<text>Filter for work in contaminated areas</text>
	</string>
	<string id="st_up_helm_chem_1_descr">
		<text>A filter with a reinforced anti-corrosive coating with an additional preventing layer for removal of poisons.</text>
	</string>
	<string id="st_up_helm_chem_2_name">
		<text>Impregnated breathing mask</text>
	</string>
	<string id="st_up_helm_chem_2_descr">
		<text>Respirator for total blocking of poisons.</text>
	</string>
	
	
	<string id="st_up_tele_1_name">
		<text>A psy-protection band made of paired steel grills</text>
	</string>
	<string id="st_up_tele_1_descr">
		<text>The closed band has been demonstrated to provide partial protection against direct psy-emissions.</text>
	</string>
	<string id="st_up_helm_tele_1_name">
		<text>Installation of the Psy-Dome band</text>
	</string>
	<string id="st_up_helm_tele_1_descr">
		<text>Hi-tech psy-protection that is said to have been invented by a scientist called Sakharov.</text>
	</string>
	
	
	<string id="st_up_arty_1_name">
		<text>Primary armour attachment module</text>
	</string>
	<string id="st_up_arty_1_descr">
		<text>Installation of an armour attachment module.</text>
	</string>
	<string id="st_up_arty_2_name">
		<text>Additional armour attachment module</text>
	</string>
	<string id="st_up_arty_2_descr">
		<text>Installation of an additional armour attachment module.</text>
	</string>
	<string id="st_up_arty_3_name">
		<text>Two-compartment armour attachment module</text>
	</string>
	<string id="st_up_arty_3_descr">
		<text>Installation of two-compartment armour attachment module.</text>
	</string>
	
	
	<string id="st_up_stamina_1_name">
		<text>Internal thermal regulation system</text>
	</string>
	<string id="st_up_stamina_1_descr">
		<text>An ergonomic improvement: special mounts attached to the bodysuit allow for carried weight to feel lighter.</text>
	</string>
	<string id="st_up_stamina_2_name">
		<text>Athlete built-in system</text>
	</string>
	<string id="st_up_stamina_2_descr">
		<text>An experimental model of a running system, which is not used outside the Zone due to its high price and dubious application.</text>
	</string>
	<string id="st_up_helm_stamina_1_name">
		<text>Steam purification and respiration filters</text>
	</string>
	<string id="st_up_helm_stamina_1_descr">
		<text>A set of filters used in contaminated air or critical air temperature conditions, which are too low or too high for breathing.</text>
	</string>
	
	
	<string id="st_up_bleed_1_name">
		<text>Ray haemostimulator</text>
	</string>
	<string id="st_up_bleed_1_descr">
		<text>This small wave emitter is mounted on the back, effectively increasing blood clotting speed when worn constantly.</text>
	</string>
	<string id="st_up_bleed_2_name">
		<text>Hydra haemoglobin injector</text>
	</string>
	<string id="st_up_bleed_2_descr">
		<text>Generation B injector, which regularly introduces a coagulation agent into the bloodstream when blood pressure drops significantly.</text>
	</string>
	
	
	<string id="st_up_health_1_name">
		<text>Fury adrenalin injector</text>
	</string>
	<string id="st_up_health_1_descr">
		<text>Generation A injector, developed by one of Kiev's research institutes, regularly injects the bloodstream with tiny doses of adrenalin, which may be dangerous but may also save your life in an emergency.</text>
	</string>
	<string id="st_up_health_2_name">
		<text>Phoenix restoration system</text>
	</string>
	<string id="st_up_health_2_descr">
		<text>An integrated system that monitors the wearer's health and supplies vitamins, adrenalin or anabolic substances as required.</text>
	</string>
	<string id="st_up_health_3_name">
		<text>Installation of a life support system</text>
	</string>
	<string id="st_up_health_3_descr">
		<text>This wave emitter is mounted on the neck, and while its mechanism and method of operation are unclear, it has a strong calming effect.</text>
	</string>
	
	
	<string id="st_up_run_1_name">
		<text>Addition of hydraulic boosters</text>
	</string>
	<string id="st_up_run_1_descr">
		<text>Installation of hydraulic boosters is a modification that is used for fourth generation exoskeletons. Allows for sprinting in an exoframe.</text>
	</string>

</string_table>
