<?xml version="1.0" encoding="windows-1251" ?>
<string_table>
	
	<string id="encyclopedia_factions_historic">
		<text>Factions (Historic)</text>
	</string>
	
	<string id="encyclopedia_factions_historic_final_day">
		<text>Final Day</text>
	</string>
	<string id="encyclopedia_factions_historic_final_day_text">
		<text>
			%c[guide_blue]Final Day%c[ui_gray] were a faction of scientists, also known as %c[guide_blue]Last Day%c[ui_gray], or as "%c[guide_blue]wild stalkers%c[ui_gray]".\n
			\n%c[guide_green]Information%c[ui_gray]\n
			\nThey believed that the Zone would ultimately bring about the end of the world, expanding into and claiming ever more land with each passing emission.\n
			\nAside from their fascination with hunting zombified stalkers for research purposes, and that their now-forgotten leader was assassinated by a stalker called Ghost, little else is known about them.\n
			\nWith their activity occurring shortly after the emission that wiped out much of Clear Sky, it is possible they were a small splinter group - survivors who became unhinged from what they had witnessed.
		</text>
	</string>
	
	<string id="encyclopedia_factions_historic_isg">
		<text>ISG</text>
	</string>
	<string id="encyclopedia_factions_historic_isg_text">
		<text>
			The %c[guide_blue]International Scientific Group%c[ui_gray] was founded to research the Zone.\n
			\n%c[guide_green]Information%c[ui_gray]\n
			\nFollowing the sudden appearance of the Zone, the United Nations created a new research body, with its sole purpose being to research and explain this strange new phenomenon.\n
			\nAn area far in the north surrounding six large generators was seen as the most scientifically interesting, and as such was picked as the site for their expedition.\n
			\nLasting only a few months, their work was plagued by problems they could never have known to prepare for.\n
			\nResearchers would be consumed by unseen anomalies, or ravaged by the horrifically mutated wildlife. Others would inexplicably disappear, only to return days later in a zombified trance trying to kill their colleagues.\n
			\nThe expedition was eventually shut down after accomplishing very little, and resulting in an unacceptably high body count.\n
			\nUndeterred by their failure, an institute was created by the Ukrainian government to carry on their work - now commonly referred to as the Ecologists.
		</text>
	</string>
	
	<string id="encyclopedia_factions_historic_renegade">
		<text>Renegade</text>
	</string>
	<string id="encyclopedia_factions_historic_renegade_text">
		<text>
			The %c[guide_blue]Renegades%c[ui_gray] were some of the most despicable stalkers in the Zone.\n
			\n%c[guide_green]Information%c[ui_gray]\n
			\nHaving no limits or morals, they consisted mainly of stalkers who had committed crimes so terrible that their original factions had cast them out.\n
			\nThe only law they respected was one of force, preying on the weak at the perimeters of the Zone, often those who were too young and inexperienced to stand any chance against them.\n
			\nDriven into the marshes by their numerous enemies, it was only in the face of Clear Sky that their desire to survive forced these jackals to unite as a faction of their own.
		</text>
	</string>
	
</string_table>